id,stock_id,date,open,close,volume,high,low
1,1,2024-01-01,152.43463173442683,152.2066614639397,3636324,153.5059891168854,151.10147191196393
2,1,2024-01-02,153.32839763566042,152.9701898376716,3574948,154.103035201344,152.56806402435168
3,1,2024-01-03,157.01834600751022,157.08428405437354,4720140,158.2153552904368,156.16891552404783
4,1,2024-01-04,158.31869987460976,158.64231392890068,4060663,159.55677571354585,156.896754179478
5,1,2024-01-05,158.05479094706365,158.27346402641135,1572439,159.09091987454823,157.70603583967144
6,1,2024-01-08,163.8560286258674,163.71693763024268,2773760,164.18114628055443,163.1603373751252
7,1,2024-01-09,163.94926921900446,163.33372128555547,2359133,165.25075805635302,161.37754910009133
8,1,2024-01-10,163.7510104208501,163.60418571511676,3489574,164.2757175533043,162.43725998706415
9,1,2024-01-11,163.0396970872349,164.0849408222267,4312153,165.28296274902075,162.04843383313545
10,1,2024-01-12,163.18015025179253,162.97765256935116,2408580,163.70249351561105,162.38443988250305
11,1,2024-01-15,168.0221636876315,168.4267406629046,4932524,169.44110597357655,166.65341763665816
12,1,2024-01-16,167.68400252551154,168.6265885381823,4838140,169.97915645947305,166.65884434477132
13,1,2024-01-17,168.75611424093293,169.06940177970287,3927700,170.42895720458193,168.27135758789765
14,1,2024-01-18,168.2633520740326,167.59945599489606,1419948,169.28928907585492,166.3635899878585
15,1,2024-01-19,165.1180956150773,165.91652663545742,1718666,167.24010582332,163.7834952407847
16,1,2024-01-22,163.5165332709283,163.91780107694575,3812693,164.61779891633543,162.52288719941473
17,1,2024-01-23,162.80709550144456,163.21712827926746,4858048,163.86045389083975,162.29236591023297
18,1,2024-01-24,161.71177288276218,161.75704381595526,2714833,163.61747807440116,159.56800644661405
19,1,2024-01-25,163.04253897143622,163.6412224615424,1097845,164.95213585221902,162.12613935557738
20,1,2024-01-26,165.4699312640531,164.3821008345258,4323544,166.78237793148142,163.46060007873825
21,1,2024-01-29,161.7920462250569,162.6562467986243,3611773,164.12557280533278,160.68996019566077
22,1,2024-01-30,164.74378496440036,165.59216067009237,2602604,166.5893766253477,164.2098418721029
23,1,2024-01-31,167.7010089822306,167.35022097128797,1421237,168.22836579101426,166.9770971395237
24,1,2024-02-01,169.12368598149516,169.38744143395147,3946986,169.9249893232454,168.92208150065565
25,1,2024-02-02,168.885416687372,168.4259467502673,1054699,169.36574883626028,168.0976862394811
26,1,2024-02-05,169.62167448275912,169.9601076508007,1433381,170.44774532429108,168.6271661666988
27,1,2024-02-06,170.07518247491947,170.1153614228171,3634380,171.78479322059923,169.28527421670267
28,1,2024-02-07,170.19408036399054,169.97814530817067,2375707,171.82902034357244,168.09625849859796
29,1,2024-02-08,167.09814239919854,167.54138920146684,2546899,168.68243847219537,166.0450297951533
30,1,2024-02-09,167.36561672164962,167.63107530827492,3702315,168.4573889806146,166.83575237499986
31,1,2024-02-12,169.802869743361,169.51659622901272,2868056,169.94417257172157,169.24369979607835
32,1,2024-02-13,170.47552164889018,170.68715009474997,1388680,172.09630879570324,169.8668700269676
33,1,2024-02-14,169.13673185100205,169.14898232372465,4025070,170.0073858720578,167.5393609152217
34,1,2024-02-15,173.20260376821489,173.3746329241756,4966663,173.69232772570834,172.81612393315478
35,1,2024-02-16,173.10675825420049,172.41889467579963,2221806,173.9333743952524,171.27360616811515
36,1,2024-02-19,173.05160323398798,173.75224956142443,1976708,174.42121688230338,172.177643155496
37,1,2024-02-20,172.78382524831807,173.1685918598753,2738236,173.7692363659097,172.39078103993606
38,1,2024-02-21,171.5738268941545,171.98543423697674,1896688,174.04710765220318,170.0567864189293
39,1,2024-02-22,173.32477138589567,173.79243642282657,4578932,174.58251288114954,171.8978350900185
40,1,2024-02-23,172.86980907807683,172.3166660845662,4762004,173.58619209825633,170.9204266949178
41,1,2024-02-26,176.0373244246408,175.53874493743675,2066743,176.47380505355383,174.6470553099129
42,1,2024-02-27,180.75075238713103,180.56490727686835,2735401,180.93086268886265,180.2675287667898
43,1,2024-02-28,182.9196626094784,182.8805309124249,4060988,184.1998297685084,181.32073816684465
44,1,2024-02-29,181.750710946278,182.2722143575072,3654397,183.1041778234845,181.12316125498504
45,1,2024-03-01,183.77567566795503,183.8608567717364,4087349,184.6037838298526,182.6060515478329
46,1,2024-03-04,181.76186046877388,181.95053888725013,1932188,182.7535733228677,180.96783504744184
47,1,2024-03-05,183.69105292769552,184.20675987180857,1658065,185.61524298655948,183.1630943913238
48,1,2024-03-06,183.41450165766403,184.56040951871003,4330143,186.73519282213127,182.2075794864465
49,1,2024-03-07,186.32676747809404,186.1562137861335,1912129,186.82817609169328,185.4724399188309
50,1,2024-03-08,185.3209385722204,185.1109017468776,3221278,186.14606231815924,182.9365863021245
51,1,2024-03-11,190.44362614435133,190.45749976091244,2587722,191.72292847851537,188.60494002820136
52,1,2024-03-12,192.6559042068204,193.1316106320021,3270772,193.7345040145101,191.9996657867152
53,1,2024-03-13,194.3884676709908,194.05567619493945,3611740,195.26505464561072,193.0446854723
54,1,2024-03-14,199.4880366040008,199.53517835953625,2715774,199.77898090025107,199.4119613122318
55,1,2024-03-15,197.35548270948743,196.6670397932315,4504589,198.76031745994104,194.87599541346967
56,1,2024-03-18,194.4649087435229,194.5069490030918,2803127,195.3208604279817,192.716604948923
57,1,2024-03-19,197.469710493034,196.9415995018756,3966761,198.182292624688,196.35759474749955
58,1,2024-03-20,195.95687082747008,196.46557544416885,2654281,197.56183662136965,195.28362816440813
59,1,2024-03-21,198.3600878349786,198.99720128602328,2068591,200.9518470228442,196.6214623790444
60,1,2024-03-22,201.23827234868503,201.3370264175572,4676436,201.78285221452043,200.7761835571132
61,1,2024-03-25,204.359725955438,204.18756360427025,3427125,204.6838028670703,203.58235585984053
62,1,2024-03-26,213.75424883611333,212.81422275060257,2030284,214.76702276775208,212.163812779008
63,1,2024-03-27,211.26475997799184,211.44750661302515,2427443,212.05980944060423,210.7127360665375
64,1,2024-03-28,212.27519628161608,212.73855124328009,3999891,213.60069347372925,211.8531360789281
65,1,2024-03-29,210.7572796639414,210.4302658976596,3435507,211.39071906384515,209.63556689676744
66,1,2024-04-01,207.67529670066915,206.89103736864223,2983529,209.28686272560304,205.84600830466127
67,1,2024-04-02,206.2560307657496,206.51009312704,1222536,207.9051010327774,205.8015050107927
68,1,2024-04-03,209.31942806898144,210.49202096942784,3897573,213.3409180983481,208.2215295371469
69,1,2024-04-04,206.1333073572457,205.9511170521468,3328730,207.2056978318308,205.2106763422376
70,1,2024-04-05,212.54938098643512,212.2333209471388,1117378,213.3993148752496,211.0914625948628
71,1,2024-04-08,211.9950165420608,212.05741416637883,3555514,213.2806884561068,211.56683886704488
72,1,2024-04-09,210.36511043633936,211.5580971260852,2496342,213.60478233493552,209.4801922341439
73,1,2024-04-10,210.8473133648608,211.922295238512,2547082,212.69949231929127,209.85451033047343
74,1,2024-04-11,209.76697458947905,209.98257470048512,2036305,210.78583851786524,208.5906814091199
75,1,2024-04-12,205.94651513243545,205.74684963751605,4127724,207.31830775800407,203.3251894424264
76,1,2024-04-15,206.05679749821627,205.6701685944309,2884279,207.88240182447845,203.9478298007048
77,1,2024-04-16,208.58432264804088,207.9567803014361,3784471,209.7305772260576,206.46137797063025
78,1,2024-04-17,216.38171555280925,215.4703306109871,3837300,217.59887953919448,214.6760651124243
79,1,2024-04-18,215.00178388452736,215.6865699603526,1889899,218.0097813400949,213.1759964506356
80,1,2024-04-19,219.0890763197337,219.6215935397851,3171694,220.5793928603856,218.1450905973647
81,1,2024-04-22,214.5075360065676,215.13337052463328,4846968,215.80219030099684,213.15858760091743
82,1,2024-04-23,210.5994559252273,210.72397911175847,1401550,211.21291353534377,210.0970189347568
83,1,2024-04-24,212.24271099233687,211.8179051926328,2153403,212.7508090456571,211.01493537796864
84,1,2024-04-25,211.8799824460752,211.8498027286159,3960870,212.8237416346961,210.3079255281524
85,1,2024-04-26,214.1019275416757,213.24170410744097,1616222,214.91627157986096,211.4919702076362
86,1,2024-04-29,217.1819119937703,216.7385944406493,1779987,217.5808830422431,216.2397697132313
87,1,2024-04-30,226.5526273215433,225.34189985263552,3036618,227.5615077635437,222.9276871078014
88,1,2024-05-01,220.86926223303715,221.0297143320568,4185922,222.6361959595513,220.1862958604709
89,1,2024-05-02,223.7218327303503,222.7728986959549,4080776,225.6886864971612,221.0079392187368
90,1,2024-05-03,227.2601104415656,226.99947871609024,3215907,228.07610704645967,226.00360018502835
91,1,2024-05-06,226.02775258891663,224.84348793293327,3829082,226.88969362393723,223.12023358942469
92,1,2024-05-07,222.029867832136,222.31996679400893,1258972,224.13088280831224,221.43202183344755
93,1,2024-05-08,222.25865090673133,222.4101917147489,1838262,224.25393233368192,220.5137829706035
94,1,2024-05-09,221.05390953201405,221.14419090079065,2000934,221.6526135740671,220.04056070320905
95,1,2024-05-10,218.1073216555369,218.0312331291385,3556619,218.7731723100536,216.47387698979085
96,1,2024-05-13,215.27145630222904,215.79386690413617,1776709,217.13497646015,214.72125613770905
97,1,2024-05-14,216.49507294415207,215.8186915726932,1332503,217.1744044607663,214.3634992929322
98,1,2024-05-15,213.5577880915112,213.56159881267035,2753165,214.96371850392,212.2867337337598
99,1,2024-05-16,216.09906359891207,216.1316835210932,2952215,217.57556251490328,215.3273731049984
100,1,2024-05-17,215.88351782637216,215.83434357725145,3368005,216.99033744244767,214.0112384048795
101,1,2024-05-20,212.3291848522844,212.8571328735332,2408987,214.2431907440638,211.45936102005345
102,1,2024-05-21,207.91218780061976,208.85853398726195,3687689,210.01966315063703,206.9822545247699
103,1,2024-05-22,210.1710369671165,210.5545561273878,3857197,212.93285028140545,209.11846675002167
104,1,2024-05-23,207.88093306429585,209.1937546296354,1315257,210.68839193986355,206.7886997614285
105,1,2024-05-24,209.31932778559985,209.63644411579224,4579889,210.46552517514576,208.7405123869528
106,1,2024-05-27,212.643261206361,211.1453039563475,1426160,213.52290382112807,210.35407744446923
107,1,2024-05-28,213.6991400347497,213.06431043062392,1092284,214.62488227189183,211.1556395283825
108,1,2024-05-29,203.65966732128504,204.98620900922504,1295683,207.6339745124928,202.3752551605497
109,1,2024-05-30,203.23047318509973,203.3077165709073,2047180,204.1568375767473,201.98069337842057
110,1,2024-05-31,204.8617472857881,204.802015741532,4562564,206.3365035242415,203.4689502305071
111,1,2024-06-03,204.4803300440793,204.67561650422388,2825352,205.43623697298924,203.96608288682685
112,1,2024-06-04,209.1474576310108,209.51017727019067,2543619,210.03480803214603,208.57557323073613
113,1,2024-06-05,208.61905720733128,209.43489043861817,3368702,211.51845446313035,207.44210649128536
114,1,2024-06-06,206.2535304134801,206.95820368728752,4371341,208.95241978275823,205.0783883834476
115,1,2024-06-07,200.50453295283623,200.1723645341686,3668951,200.76840572147404,199.70111632211453
116,1,2024-06-10,200.4867071791124,200.29120770647967,2052797,203.188499168558,198.74908513339813
117,1,2024-06-11,194.33626197634763,194.76001435279363,4212383,195.6122543279301,193.86743824127467
118,1,2024-06-12,196.0615453914748,195.58809508246432,2756179,196.6347774376602,194.1035390685049
119,1,2024-06-13,199.413188280756,199.8023823023471,1982037,200.28894999229203,198.80575836529096
120,1,2024-06-14,201.9817931952685,202.6062344319296,3205541,203.2812086010404,200.8735525035299
121,1,2024-06-17,201.7809825474089,200.880077915208,4938071,203.5148246752848,199.26643057842475
122,1,2024-06-18,198.50493351195385,198.8887951903665,1819591,200.4730928542722,197.0280102467797
123,1,2024-06-19,201.13072692455103,201.13917783602545,2301594,202.66824292761248,200.0072106921945
124,1,2024-06-20,199.7197277813749,200.40012271539223,3581693,202.7132639762801,198.7894216417467
125,1,2024-06-21,205.0023312711317,205.50197486650947,1043601,207.6935832593452,202.6062878281737
126,1,2024-06-24,202.5982621225881,202.08553433411493,2440418,203.03061790310608,201.0485651191315
127,1,2024-06-25,204.69459591954785,204.50793647588,3180797,205.36098169264767,203.57126857707848
128,1,2024-06-26,202.8024125675913,202.82219132933523,2474173,204.67428300146105,201.4815246823666
129,1,2024-06-27,205.62634216166745,205.12921189692915,4221961,206.6705499768568,204.02934656894843
130,1,2024-06-28,205.2409332727208,205.2096936358596,1084013,205.59577446363497,204.4828742946363
131,1,2024-07-01,200.54192471078767,200.73284610426848,1650726,202.558128744014,199.74523203866124
132,1,2024-07-02,219.82073269926207,219.63671810224616,25000000,220.262134342548,218.9601350274588
133,1,2024-07-03,218.7144854743597,218.54585129472025,2370219,219.9464730879417,217.890703402596
134,1,2024-07-04,217.79772037884013,218.1983454254432,1150431,219.0471139796209,216.9322186539776
135,1,2024-07-05,221.76503893736168,221.0807727263399,3756629,223.2589518657933,219.41291235950828
136,1,2024-07-08,214.0307532413669,213.9454761995488,3213990,215.7677945552776,212.0537116402656
137,1,2024-07-09,212.52606566623044,211.4122407447149,4161703,213.141401547394,210.26335631139384
138,1,2024-07-10,208.60929759369128,208.7100180527173,2200357,210.07218501472147,207.21063037241592
139,1,2024-07-11,206.9625915084439,206.55555360177087,4921412,209.0220857708776,204.15309415223936
140,1,2024-07-12,203.66131163111888,203.0003451424425,2333913,204.937799826986,201.17970376229115
141,1,2024-07-15,204.46970455462,204.1717626831269,4766370,205.14939918199923,203.14859062414908
142,1,2024-07-16,201.01087279659416,201.2402498888309,1542415,201.87843155351987,200.61451982138308
143,1,2024-07-17,204.43597493321167,204.168365515365,2684862,204.6927958377099,203.8641901393661
144,1,2024-07-18,201.734701787237,201.16054715289,4227230,203.43077956454908,199.73836031048808
145,1,2024-07-19,200.780185231235,200.87871561641683,4096315,201.93758171007173,199.8662143566011
146,1,2024-07-22,201.9973464596521,202.36827419505192,3134546,203.5551310654423,199.8789166035754
147,1,2024-07-23,200.94175026172263,201.90395328840395,3882864,202.6239107261364,200.2744061480203
148,1,2024-07-24,203.2712583439288,203.1953301259184,2359789,204.0372180421158,202.6442383246761
149,1,2024-07-25,202.30850296649257,202.1031868866773,1080045,202.8571190143326,201.8026081244064
150,1,2024-07-26,201.85160670903653,201.0662510203948,1744333,203.63827483215337,199.9916177740416
151,1,2024-07-29,201.29053332254225,201.8834682152318,2162763,202.59012546575727,200.8996239399784
152,1,2024-07-30,196.41134523949447,197.10148127752527,4332409,199.3255853788156,195.59831028381737
153,1,2024-07-31,200.0634343129132,200.06395344456547,2403277,201.38623768927565,198.2266272249356
154,1,2024-08-01,200.5150406246047,200.0063153160083,2383527,201.41289038108144,198.2073680454412
155,1,2024-08-02,199.9263116309464,199.48745724390707,3756147,200.7179592567858,197.28414878238124
156,1,2024-08-05,195.04554283625785,194.7997490161449,3144717,196.73891739077789,194.11158300184235
157,1,2024-08-06,197.12058529406,198.09420049990183,2033489,199.8292144956792,196.4180953135407
158,1,2024-08-07,199.08900233157408,199.29165275613963,4962372,199.76877843015487,198.8829204334298
159,1,2024-08-08,199.9127108509897,200.0961621660366,3839424,202.5797157690592,197.4309818102424
160,1,2024-08-09,198.5772756781153,197.897957559612,3165263,199.2435511480828,196.8613730088279
161,1,2024-08-12,197.54821793515416,197.43278036766569,2407544,198.01449357445856,196.504272940433
162,1,2024-08-13,193.2992349908055,194.8927828829522,3841778,195.64725012713453,192.553011967051
163,1,2024-08-14,190.8394043523748,190.32184876967523,4447095,192.0637503876353,188.79071101453565
164,1,2024-08-15,189.1263488384179,187.7506312520822,4015543,190.40656841054968,186.4524451139933
165,1,2024-08-16,190.20740333152744,189.74598759413888,1752846,191.0439421480548,187.99480734822268
166,1,2024-08-19,186.4848423263685,187.039263620003,2204508,188.0606224958327,185.8186738603856
167,1,2024-08-20,184.5977741699078,184.26040932148032,2925242,185.2369330293408,183.16099402200769
168,1,2024-08-21,180.79755201284047,181.39340837387587,4160156,182.15980132162755,179.76283566430627
169,1,2024-08-22,179.65733826230243,180.08235938165146,1883416,180.857671825312,179.08460989292865
170,1,2024-08-23,179.22425421715343,179.84952436088977,1122759,180.8172229085436,178.7724123443537
171,1,2024-08-26,179.37269970985952,180.36269232909703,1759292,180.99320069854733,178.96335975634864
172,1,2024-08-27,176.7492316883818,176.87025974401817,1421576,177.80982438522375,176.07799366100102
173,1,2024-08-28,180.1234603124277,179.12424130530192,1327495,180.62419090168865,178.39253073708954
174,1,2024-08-29,181.80247759476524,181.74308169864065,1236508,182.5352107139732,180.91334414035947
175,1,2024-08-30,184.7801117292016,184.65497155471635,1955724,185.4986591669781,183.71433167901088
176,1,2024-09-02,181.7864158184624,182.4568428947834,4210146,183.0567527697617,180.7031451599125
177,1,2024-09-03,178.40407990343562,178.83758976458088,1055744,180.06168824433223,176.84574741457106
178,1,2024-09-04,181.9404280316957,181.40577467676223,4461561,182.41113304432528,180.45241744897453
179,1,2024-09-05,181.7359501430261,181.73192415455404,3028427,182.53709841457945,180.6804946312112
180,1,2024-09-06,179.07405814153557,178.84597928880814,1102388,179.6682146781348,177.00099962403536
181,1,2024-09-09,178.10410665169223,177.6112915117445,3459201,179.34412858802068,176.65897109826847
182,1,2024-09-10,175.97852163814096,176.78596330431276,1445421,177.47176021943173,175.20447729297817
183,1,2024-09-11,178.17428627826885,178.06796070847304,1824854,178.84767624610777,176.1092527414501
184,1,2024-09-12,177.47912016895515,177.04336861764497,3923783,178.49534496441936,176.10691461708112
185,1,2024-09-13,179.3920743849085,178.58268603816205,2856965,180.50592480311144,176.67857603980195
186,1,2024-09-16,175.71781174854746,176.43911983059618,2879215,176.96389782456927,175.11716854954383
187,1,2024-09-17,174.62501213847267,174.5232689236354,3344313,175.4574518698848,173.63449459133886
188,1,2024-09-18,177.57613109097562,177.4662533970565,3772377,178.2951131531557,176.0308437200108
189,1,2024-09-19,180.36311078547,180.0785517020074,2681303,180.7253104934385,179.4106756798
190,1,2024-09-20,188.88273232309965,188.3862953258958,3015106,189.2822364681724,188.0697879022865
191,1,2024-09-23,191.81255780385976,192.04577334690893,4565097,193.26836300249727,190.7865929714197
192,1,2024-09-24,190.43102127622,191.21379815675803,1572816,192.05398719709524,189.49662625274647
193,1,2024-09-25,186.4464818234275,187.648692669386,2528946,188.44606604115825,185.85988383319847
194,1,2024-09-26,182.84710210488169,182.95242312021765,1849617,184.04557326270464,182.0295336932953
195,1,2024-09-27,184.96241022438025,184.7845046812692,2338053,187.99385906357483,182.43632343514503
196,1,2024-09-30,188.24559764886823,188.13868525665663,4028727,188.8820615021669,187.73648930597125
197,1,2024-10-01,183.5925537989255,183.55390745787537,3868411,184.3417348869532,182.24795755193904
198,1,2024-10-02,181.35872157409693,181.11804158202585,3511346,181.70499155968847,180.12008724905306
199,1,2024-10-03,179.02677375878426,181.0271465430584,3836895,182.10125083044065,177.97577386347558
200,1,2024-10-04,181.66823886836488,181.47620689756627,3358534,182.481447061389,180.1321099693109
201,1,2024-10-07,187.32554715899343,187.7446179786604,1774340,188.66362920289808,186.7158764242437
202,1,2024-10-08,190.74323446357155,191.8595911766109,3790532,192.86434673715547,189.92789482193496
203,1,2024-10-09,189.75514218659947,189.695646519084,2818305,190.5272229399945,188.6982151891926
204,1,2024-10-10,188.0485843633663,188.0699588101276,3992927,188.87062168102204,187.2726612809732
205,1,2024-10-11,190.1317793684228,190.43026128595503,1511610,192.35780701417696,188.9755579591049
206,1,2024-10-14,192.34049471544927,192.25604169812027,4198115,193.3733334286009,191.4209045904752
207,1,2024-10-15,195.724573594898,195.5025686989956,2529406,197.30122146201072,194.8621116580273
208,1,2024-10-16,198.8801188275689,197.98242545005328,2904327,200.0324310275412,196.80464428450853
209,1,2024-10-17,196.34802287031343,196.9323872752752,1686197,198.90751572834927,194.76901371699887
210,1,2024-10-18,196.71678824456663,196.6758928306048,4674158,197.17050647224136,196.29120318473
211,1,2024-10-21,198.97406133717007,198.2884620317299,2821554,199.9988524595076,197.17615782656543
212,1,2024-10-22,193.99936937856043,195.24217522120983,3922958,196.90736586893087,193.05883142206807
213,1,2024-10-23,198.46758284819467,197.6123232200632,3479056,198.9711842806404,196.92278096636565
214,1,2024-10-24,197.11239541137687,197.61312525057656,2292499,198.95065680856663,195.5090683672552
215,1,2024-10-25,195.87279185203764,196.186305274172,3359601,197.68993059356671,194.72102869451305
216,1,2024-10-28,200.72010729343992,201.17049226291223,4265915,202.3744624971404,199.53475766020145
217,1,2024-10-29,203.911473544494,203.64186020236733,4156121,204.8442530965155,200.6799417024667
218,1,2024-10-30,202.10137227269792,201.77247770435383,2321612,202.62052637232128,200.83952144535712
219,1,2024-10-31,207.6199883937576,207.3589304920322,2542220,208.44908525125712,205.44533294984905
220,1,2024-11-01,207.99696973415223,206.8056523737228,4629663,208.7730785898009,205.632161728022
221,1,2024-11-04,201.0628589094553,201.20678106119465,3347414,202.29935563592355,200.22842504142685
222,1,2024-11-05,201.8540076202792,202.224973646646,4355838,202.8687269820377,200.5273690776924
223,1,2024-11-06,194.26019122256244,194.2107484589685,3839052,194.9681746794789,193.73495851064
224,1,2024-11-07,195.8451852259909,195.25020470765148,3336981,197.0135430624161,193.35526330862703
225,1,2024-11-08,196.89141082375303,196.59996802901225,3388979,197.4426882150384,195.0813156935433
226,1,2024-11-11,201.89656264144617,202.06902812021755,2515573,203.0135391574244,201.43417761743083
227,1,2024-11-12,200.84093299011408,201.54536854198915,2957864,203.04253783065795,199.7054229436905
228,1,2024-11-13,198.2501159904145,197.4880052938425,2072230,198.9743367009224,196.6636832964072
229,1,2024-11-14,194.58969800800136,194.8147725532436,2629353,195.30893781803616,193.6250572306397
230,1,2024-11-15,194.18985584310545,194.7399449978279,2696976,195.37292988308832,193.84146445870792
231,1,2024-11-18,189.3805073853496,188.6584863835106,2316106,189.8664933717678,187.5416821922344
232,1,2024-11-19,186.0397257415389,186.29236986714903,2493175,186.98378886698805,185.73053774543007
233,1,2024-11-20,181.17576081349003,181.02671284668529,1971399,181.78175987977752,179.1190879673855
234,1,2024-11-21,180.95141708534425,181.3676682586465,3966341,182.7629034684373,180.17887586343247
235,1,2024-11-22,185.1088927233588,185.4803100698004,1089786,186.2343392745196,184.67776109017225
236,1,2024-11-25,181.9768896788873,182.29116778355825,2505338,183.0876282084833,181.56230680241208
237,1,2024-11-26,189.34829039309207,189.3752883113361,3362443,190.5713626929419,188.706509418755
238,1,2024-11-27,187.27051602014657,187.6422472147717,1764632,188.4354368856443,186.6776140458884
239,1,2024-11-28,184.09806037250016,184.566147124636,2231984,185.47955450223645,183.65462266001256
240,1,2024-11-29,180.4107473534488,179.88175893163572,3128591,181.33639900347387,179.07454762266454
241,1,2024-12-02,185.1672998372636,184.9200094258493,3986742,185.46008614594555,184.2151111891025
242,1,2024-12-03,180.2059998796127,180.09815649436976,1882171,180.82500683129223,178.96455534927162
243,1,2024-12-04,180.95085559392552,180.4380853119024,3793778,181.55319115108472,179.76296331169684
244,1,2024-12-05,178.45902444538595,178.7837733099767,2455653,179.85058344676582,177.93011400408616
245,1,2024-12-06,179.04530659335788,179.67539570456458,4879604,181.44884698505177,177.9477470181791
246,1,2024-12-09,182.10264392651573,181.9116527737306,1991287,182.47723297981705,181.7074437099845
247,1,2024-12-10,181.26559325340887,181.2315674970436,3796021,181.9506106215654,180.5327315699253
248,1,2024-12-11,179.68667286183924,180.73011837681824,1235134,182.03654884280115,179.07748586632036
249,1,2024-12-12,181.1670971268485,180.8447958523593,2339161,182.6893460985744,178.94714202052972
250,1,2024-12-13,176.86555624407274,176.6246620617458,1623312,177.97629729632152,175.41153786027633
251,1,2024-12-16,174.95423515889152,174.44447016313694,2629414,176.5982360745003,172.51417429271257
252,1,2024-12-17,171.08009043900225,170.81546541641922,4484022,171.5236456606655,169.33881097688598
253,1,2024-12-18,167.10950313496022,166.93909676646962,2546279,168.1928638090766,165.4964231153407
254,1,2024-12-19,167.12272848076074,166.4507421784932,3834723,168.0021202993334,165.0168560635703
255,1,2024-12-20,167.6295068075683,167.8060699449073,1558987,168.660165307095,166.40020380364052
256,1,2024-12-23,164.009831105241,165.3078629265465,1037950,167.02789077632738,163.113249952008
257,1,2024-12-24,164.70098074210696,164.2525915684212,4226915,165.36139080205982,163.49305352385227
258,1,2024-12-25,164.26202540183073,163.67265017128193,1907128,164.9035899892013,162.87364868428517
259,1,2024-12-26,161.3498202179364,161.5031025658581,4957025,161.98240766953032,160.7576177380973
260,1,2024-12-27,161.36030239632322,161.08134957934115,4515878,162.57151846441866,159.9938480653459
261,1,2024-12-30,161.9462230288411,161.72375704232178,1021208,163.22068663313524,160.23290610577956
262,1,2024-12-31,163.32679775820915,162.69400746834535,2436878,163.90259438927677,161.49561852166866
263,1,2025-01-01,163.81250428970793,163.14388939686455,3337938,164.32522467964904,162.67234892834307
264,1,2025-01-02,163.93637073302102,163.89690386773256,2437279,165.07389249635787,163.08249455720096
265,1,2025-01-03,161.4424575443981,161.70131571517362,2988195,162.12833053311851,161.23841699225505
266,1,2025-01-06,157.596628006489,157.4853383553348,1641497,158.1342903822375,156.58603974621954
267,1,2025-01-07,154.82097837407343,154.71074839945354,4454564,155.1841274469675,154.27755731643927
268,1,2025-01-08,152.89930325742583,152.7348039935942,2591607,153.91626362622145,152.20908774597416
269,1,2025-01-09,157.10874922292635,157.1182848866379,4674362,157.98088042858686,155.40502048679932
270,1,2025-01-10,156.534576851843,156.9346156955401,3667687,157.38362401217617,156.0053840624665
271,1,2025-01-13,153.6696499219696,154.17258652280535,3519353,154.64365080526454,153.0367446747867
272,1,2025-01-14,153.6984548007983,153.88136425927078,2976817,154.29183285146576,153.44257735403647
273,1,2025-01-15,156.44472847026964,156.14343973068588,3981415,157.35006165818805,155.39768392034625
274,1,2025-01-16,158.42064131633717,158.3150471131542,1163363,158.9511218987958,157.74605674741863
275,1,2025-01-17,159.87633785731498,159.38959408037016,3142142,161.66171166354337,157.911634873246
276,1,2025-01-20,153.56233195657825,153.75209064845572,4922892,154.24008038014887,153.20648264839718
277,1,2025-01-21,151.08652280827866,151.32595992056065,1696427,151.84564573385285,150.74295617346698
278,1,2025-01-22,153.15641659641642,152.96537849203168,2755558,153.88780359889404,151.49228091258607
279,1,2025-01-23,150.98010349355718,150.77306437142673,3409153,151.40535773382467,150.5022340899618
280,1,2025-01-24,152.49221184407395,152.03586790597603,3094522,153.52642583709726,151.38625622760873
281,1,2025-01-27,152.43464887910795,152.3155953661625,4054357,152.89023091339365,151.65397913244271
282,1,2025-01-28,152.96305011538317,152.8627713728922,3554416,153.5328950689894,151.57685306916866
283,1,2025-01-29,153.73151618303473,154.28333428036402,1052647,155.5349792711774,153.09885322811868
284,1,2025-01-30,154.74558779747258,154.9372189672879,1904792,155.5307615359619,154.46034283044074
285,1,2025-01-31,157.7621134111625,157.8586019756691,2726699,159.43904025496212,157.28771031135258
286,1,2025-02-03,160.15711164620973,160.1730296180821,3005264,161.66343669427835,159.022891568927
287,1,2025-02-04,162.5844738037273,162.80761469431425,4052903,163.3425786473966,162.2874985534023
288,1,2025-02-05,159.69751909795144,160.06689886973487,3907020,160.56788132368877,159.32698792800556
289,1,2025-02-06,161.50017914155865,161.3005523303152,2083955,161.9424480751931,160.48425193417873
290,1,2025-02-07,159.89262958325378,160.8777214228199,1067960,161.67089255437125,159.43948759431515
291,1,2025-02-10,162.52313646079548,162.55784648364195,1104264,163.82540242429764,161.78149197096894
292,1,2025-02-11,167.73325193316754,167.90568787476536,4921691,169.29916576301446,166.79339424521552
293,1,2025-02-12,167.3596819385347,167.60253596396862,2377497,168.49430589294823,166.71620116717196
294,1,2025-02-13,174.230657269745,174.47182130231153,1894063,176.0589759999757,172.55846793295512
295,1,2025-02-14,179.210414526314,179.18038504290374,1223400,180.28866883572488,178.74413005642822
296,1,2025-02-17,177.06922039596867,176.62498271067685,2931098,178.32648386829413,175.70590177433758
297,1,2025-02-18,179.72958015380777,179.89470832001888,3260379,180.48833471000088,179.03356341330067
298,1,2025-02-19,177.8292821365984,177.0488724278091,3563073,178.90379162360136,175.34676182033996
299,1,2025-02-20,174.9934226160905,175.69713404797284,2659885,176.84730925369308,174.4313805001236
300,1,2025-02-21,172.3977431386332,172.36836414748828,3070979,173.39013652155955,171.98173772212397
301,1,2025-02-24,167.70476379272498,167.97944217174827,3527213,169.30984799524825,166.83284332126144
302,1,2025-02-25,171.7129746238421,171.49856785254826,2452045,172.17635484479652,171.10628659824326
303,1,2025-02-26,174.5644538512005,174.415359160293,3309188,175.17017257593986,173.73433449457474
304,1,2025-02-27,174.17431490695617,173.34188381427015,1713341,174.95381254476305,172.3734306039213
305,1,2025-02-28,169.33847293758956,170.01529616352985,2365731,170.7319241439221,168.7286240778455
306,1,2025-03-03,167.44567486968282,167.50832690094953,4699455,168.55953632512407,166.86098600984738
307,1,2025-03-04,161.41169325226693,161.58773449060232,2069871,162.5118707370621,160.89469167565372
308,1,2025-03-05,159.14787315800905,158.81783894281082,1923009,159.59797322746118,158.21548288281903
309,1,2025-03-06,163.0625622381465,163.1697855816336,4174317,164.04339734630295,162.21941449627715
310,1,2025-03-07,160.55700136694213,160.6573787763616,2356343,161.565599801529,159.8522866257972
311,1,2025-03-10,160.44496727746326,160.87172763532473,1727219,161.59568954322538,160.10422024071485
312,1,2025-03-11,160.38324472667207,160.82990511811894,4787177,161.49745798199277,159.61078419132113
313,1,2025-03-12,162.04720520541886,162.3089864660064,1546509,162.97598474143084,161.7958542511196
314,1,2025-03-13,161.63040597643214,161.54591555001977,1631145,162.41856807986602,160.95950038788527
315,1,2025-03-14,162.02577713416588,161.939000626946,2248155,162.780629876735,160.9317065393333
316,1,2025-03-17,165.19152774633142,165.22507156308774,1672515,166.04114518403864,164.26771172653076
317,1,2025-03-18,161.20775548226518,160.81122646778164,3330919,161.5089329020137,160.12846806008503
318,1,2025-03-19,160.07354733710196,159.71089533037056,4137563,160.4313654046409,158.77883832524142
319,1,2025-03-20,158.34253177471297,158.64161475958954,1125280,160.06793258443892,157.9088697875038
320,1,2025-03-21,161.931697561736,161.88667718938046,3208734,162.25523844397185,160.9184460709548
321,1,2025-03-24,163.3823570280609,162.9174256639048,4678240,164.3104246375665,161.87270666799338
322,1,2025-03-25,165.20962808919157,165.06396054152452,2628496,166.58006546275217,163.88614579054732
323,1,2025-03-26,164.59315993633888,164.98357757521515,1670320,166.06543174494834,163.77778661806602
324,1,2025-03-27,162.4467642088921,162.80610242576932,3423099,163.25340477667837,161.6799343572741
325,1,2025-03-28,162.14108191910904,162.43550157900128,3527408,163.64455833809168,160.60750054938754
326,1,2025-03-31,162.33354324284068,162.57335861660036,3699452,162.92400284117204,161.85775016452018
327,1,2025-04-01,161.75823088377334,161.57143570468835,4448403,162.28671876539696,160.57136492047505
328,1,2025-04-02,159.57120740256207,159.76313827989478,2331854,160.7267446237161,159.03594197355017
329,1,2025-04-03,162.98717219647037,162.60542456751162,1033787,164.27991571374633,161.60656882300646
330,1,2025-04-04,151.5935231954845,151.6122929499307,18000000,153.2977448316205,150.42975104756383
331,1,2025-04-07,146.9269106901841,147.37633646544865,4361389,148.14229615201742,146.21333295344138
332,1,2025-04-08,145.36764408728206,145.53109729716033,2072982,146.4784906815402,144.38204960103033
333,1,2025-04-09,143.0398678393316,142.94557586899174,3109087,143.52355512500657,142.3363648012678
334,1,2025-04-10,140.9042887704415,140.97525210429242,1763469,141.25301079305788,140.60602276272314
335,1,2025-04-11,137.150815254718,137.1746648550843,3922888,137.48440542751487,136.94936748544075
336,1,2025-04-14,140.07961053201467,140.02496676663728,1208279,141.26649587384574,139.2238067997165
337,1,2025-04-15,141.60987520109884,141.8282528574968,2258366,142.6912301995457,141.2171660500751
338,1,2025-04-16,144.2683571456764,144.268902667293,2320261,144.70569670250146,143.73626512216762
339,1,2025-04-17,145.6247022346922,145.25772395073702,4299047,145.87218363782284,144.72797682544203
340,1,2025-04-18,147.9380176007589,148.03713598855745,2330304,148.8061220032112,147.43556919114047
341,1,2025-04-21,147.3066566890873,147.0484676322367,1754171,148.03140499907582,146.31386285831624
342,1,2025-04-22,148.7942752595716,149.05583614470353,2200853,149.7357990893327,148.43390611546647
343,1,2025-04-23,151.79128185655628,150.4283214577264,1256172,152.8726485764461,147.8283608408645
344,1,2025-04-24,152.98738936603056,151.99020231988877,4541121,153.6141394573365,150.48205025053517
345,1,2025-04-25,149.39971177157264,149.56774357578288,1440601,150.2922905276381,148.8082531398757
346,1,2025-04-28,149.1751108497862,149.1259926453853,1873746,149.92249198614547,148.60754310312365
347,1,2025-04-29,148.10023137530263,148.02340345441766,2155205,148.2216443732395,147.7263743961327
348,1,2025-04-30,148.78865623440723,148.19634927814684,3948339,150.1204714444447,147.3566905562661
349,1,2025-05-01,148.81299689863272,149.0335758977719,2374703,150.4178923174515,148.20802994573842
350,1,2025-05-02,151.45539464703694,152.26634556094578,1425416,153.02529534690038,150.66336987155506
351,1,2025-05-05,152.68326810765288,152.3129188045243,1592894,153.7910932025409,151.24959200848872
352,1,2025-05-06,154.2557552903717,154.63425020561678,1477883,155.541245244298,153.64585259445946
353,1,2025-05-07,151.14835772004773,151.51975857919274,1993826,152.07459896112408,150.03618300996823
354,1,2025-05-08,154.39315034836028,154.20773622744332,4868410,155.34583253904594,153.59190156291197
355,1,2025-05-09,155.43773783565717,155.86997250610082,4064678,156.99633615591583,154.60215103854355
356,1,2025-05-12,154.66671930703723,154.37147139690308,3080947,155.9282663387845,152.3762895780646
357,1,2025-05-13,154.45588047726088,154.58004993938047,4760234,156.13899607533736,153.4786391674503
358,1,2025-05-14,152.40814642427736,152.35452860106952,2151026,152.86124895843224,151.41721869826196
359,1,2025-05-15,150.14706379494305,149.77141361621537,2263734,150.6534681684062,148.7056164917878
360,1,2025-05-16,151.6230735970748,151.22606665744777,3948167,152.46940380309053,150.31068979631232
361,1,2025-05-19,150.59477534599307,149.94961491839416,3533372,151.18260596920936,149.32739841433158
362,1,2025-05-20,150.34269620672967,150.61550141084922,1593511,151.61081854750415,148.85787770159843
363,1,2025-05-21,151.41953903657057,151.16160806349734,3092513,151.90658706073788,150.84493858406816
364,1,2025-05-22,152.80485766207687,153.10571255518585,2433392,154.9457035690548,151.1933735540099
365,1,2025-05-23,152.67345441163766,152.79067511091625,2319427,153.31890753284395,152.3275716545497
366,1,2025-05-26,155.2887010394178,154.87169603844575,1064135,155.9495437918696,153.74847485040962
367,1,2025-05-27,152.8563339545789,152.840909427947,2036139,153.2991356024048,152.41823556972167
368,1,2025-05-28,150.1501491307219,149.50047206120234,3644283,150.54795702539886,148.75632550886917
369,1,2025-05-29,145.03380695839007,145.2656603167584,4867162,146.35733470959642,143.88089311137855
370,1,2025-05-30,145.7261914297558,145.0808319051463,3597689,146.0555180489753,144.53626849926735
371,2,2024-01-03,271.9,274.56,20586020,274.7,271.0
372,2,2024-01-04,274.67,274.12,11729380,275.48,273.7
373,2,2024-01-05,274.3,273.62,9635550,274.69,272.8
374,2,2024-01-08,273.6,276.76,21489440,277.0,273.53
375,2,2024-01-09,276.97,275.28,20316030,278.0,274.71
376,2,2024-01-10,275.3,274.49,20660410,276.16,273.64
377,2,2024-01-11,274.78,275.71,19526030,275.97,274.01
378,2,2024-01-12,276.0,275.84,17702040,276.96,274.77
379,2,2024-01-15,276.45,275.96,21397690,277.73,275.21
380,2,2024-01-16,276.22,276.01,16110240,276.45,274.1
381,2,2024-01-17,276.02,278.0,34256680,279.17,275.75
382,2,2024-01-18,278.24,277.07,17701680,278.87,276.76
383,2,2024-01-19,277.39,274.86,28052580,277.47,273.55
384,2,2024-01-22,274.86,274.93,15086860,275.9,273.85
385,2,2024-01-23,274.7,275.9,20092540,277.26,274.31
386,2,2024-01-24,275.9,273.77,20203730,276.44,273.7
387,2,2024-01-25,274.0,272.81,24436130,274.18,271.55
388,2,2024-01-26,273.1,272.65,11131250,273.72,272.21
389,2,2024-01-29,273.02,274.05,17095190,274.95,272.7
390,2,2024-01-30,274.01,275.67,27236150,277.25,273.97
391,2,2024-01-31,275.84,276.0,12543740,276.45,275.0
392,2,2024-02-01,276.03,276.86,15976730,277.75,275.93
393,2,2024-02-02,277.0,276.74,12718190,277.3,276.0
394,2,2024-02-05,277.0,277.84,16056990,278.57,276.9
395,2,2024-02-06,278.0,278.67,15960270,278.99,277.3
396,2,2024-02-07,278.82,284.41,45372390,284.5,278.81
397,2,2024-02-08,284.52,282.17,44132450,286.24,281.25
398,2,2024-02-09,282.17,283.5,24378920,284.0,281.5
399,2,2024-02-12,283.66,287.28,33890070,287.84,283.5
400,2,2024-02-13,287.52,287.07,33307500,289.0,285.4
401,2,2024-02-14,287.07,289.06,35874260,290.6,286.84
402,2,2024-02-15,289.3,290.24,25912290,290.45,287.63
403,2,2024-02-16,290.47,288.33,53446950,292.3,286.25
404,2,2024-02-19,288.51,288.93,24327480,289.98,287.07
405,2,2024-02-20,289.2,283.9,44972610,289.28,283.29
406,2,2024-02-21,283.9,282.0,48915360,285.28,280.2
407,2,2024-02-22,282.1,284.77,25175120,285.05,282.1
408,2,2024-02-26,288.52,291.25,42969530,291.3,287.0
409,2,2024-02-27,291.35,292.52,32504830,293.0,290.55
410,2,2024-02-28,292.6,291.75,49330680,293.95,289.75
411,2,2024-02-29,292.31,292.19,22436940,293.2,291.3
412,2,2024-03-01,292.2,295.38,27129280,295.88,292.2
413,2,2024-03-04,295.87,299.17,40609910,299.5,295.8
414,2,2024-03-05,299.33,298.4,41756340,300.41,297.57
415,2,2024-03-06,298.2,297.71,17756170,299.33,296.82
416,2,2024-03-07,297.72,300.4,21982790,300.58,297.24
417,2,2024-03-11,301.0,299.79,41781940,302.95,298.5
418,2,2024-03-12,299.6,300.9,28743980,301.07,297.34
419,2,2024-03-13,301.2,298.85,24012100,301.49,298.7
420,2,2024-03-14,298.5,295.83,42205930,298.7,295.14
421,2,2024-03-15,295.71,298.3,26040280,299.44,295.29
422,2,2024-03-18,299.4,298.87,20281860,299.98,297.63
423,2,2024-03-19,298.3,295.2,59714940,299.4,294.21
424,2,2024-03-20,295.3,295.4,30703230,296.88,293.52
425,2,2024-03-21,295.99,295.62,70680800,297.3,291.8
426,2,2024-03-22,295.77,292.99,48982100,296.79,291.05
427,2,2024-03-25,294.0,293.9,25567820,294.93,292.13
428,2,2024-03-26,294.5,294.11,16295560,295.82,293.04
429,2,2024-03-27,294.47,295.1,14560090,295.11,293.47
430,2,2024-03-28,295.5,299.0,33675160,299.3,295.5
431,2,2024-03-29,299.38,298.72,17705950,299.5,298.0
432,2,2024-04-01,300.0,300.43,28662870,301.65,299.5
433,2,2024-04-02,300.43,300.38,19980460,300.99,298.95
434,2,2024-04-03,300.4,306.72,58228980,307.13,300.17
435,2,2024-04-04,306.8,304.61,29074900,307.77,304.36
436,2,2024-04-05,304.62,306.1,19355990,306.5,303.7
437,2,2024-04-08,306.5,307.75,24899610,308.6,306.22
438,2,2024-04-09,308.1,306.76,32044440,309.35,305.51
439,2,2024-04-10,306.76,306.48,20682180,307.14,304.62
440,2,2024-04-11,306.7,306.95,20527000,308.0,305.7
441,2,2024-04-12,307.4,307.1,16025300,307.87,306.3
442,2,2024-04-15,307.47,307.99,20746510,308.39,306.64
443,2,2024-04-16,308.0,308.29,17135850,308.65,307.0
444,2,2024-04-17,308.65,306.59,28227330,309.74,305.91
445,2,2024-04-18,306.01,307.99,20387560,308.29,305.05
446,2,2024-04-19,308.0,307.38,14578320,308.38,306.8
447,2,2024-04-22,308.0,314.99,69006740,315.0,307.38
448,2,2024-04-23,315.39,307.39,92863630,315.79,306.26
449,2,2024-04-24,307.5,307.94,26557490,309.79,306.65
450,2,2024-04-25,307.95,308.41,15946760,309.07,307.45
451,2,2024-04-26,308.5,309.0,21146360,309.9,308.0
452,2,2024-04-27,309.25,308.98,13111060,309.99,308.7
453,2,2024-04-29,309.14,308.97,10025690,309.6,307.65
454,2,2024-04-30,309.19,308.24,5980690,309.49,308.03
455,2,2024-05-02,308.7,307.37,16262520,309.19,306.8
456,2,2024-05-03,307.11,307.53,30466990,308.29,304.34
457,2,2024-05-06,308.1,306.01,19203550,308.1,305.55
458,2,2024-05-07,306.23,308.22,16616810,308.87,306.21
459,2,2024-05-08,308.41,311.21,33881400,311.83,308.08
460,2,2024-05-10,311.5,313.49,16715650,313.5,311.31
461,2,2024-05-13,314.1,314.85,21712460,315.7,314.04
462,2,2024-05-14,315.0,318.12,35247320,318.41,313.58
463,2,2024-05-15,318.2,319.7,28351820,320.16,317.7
464,2,2024-05-16,320.0,322.91,27847220,322.91,320.0
465,2,2024-05-17,322.96,323.16,24398590,323.5,320.02
466,2,2024-05-20,324.0,321.08,36736790,324.85,318.94
467,2,2024-05-21,320.88,320.64,34019460,322.23,318.0
468,2,2024-05-22,320.8,322.93,18651840,323.1,320.8
469,2,2024-05-23,322.8,323.54,17865490,324.0,321.23
470,2,2024-05-24,323.83,321.0,26594700,324.48,319.78
471,2,2024-05-27,321.01,317.09,45712960,321.95,315.5
472,2,2024-05-28,317.5,318.22,30187790,320.9,315.82
473,2,2024-05-29,318.25,320.38,22989260,320.4,315.92
474,2,2024-05-30,320.91,316.63,27005390,321.55,316.0
475,2,2024-05-31,316.0,313.11,49206450,318.49,309.8
476,2,2024-06-03,313.5,310.95,61860770,315.5,305.0
477,2,2024-06-04,310.98,316.49,33070240,316.5,308.8
478,2,2024-06-05,316.63,314.72,27792110,318.28,313.85
479,2,2024-06-06,314.7,313.08,28328920,316.45,311.15
480,2,2024-06-07,313.8,319.9,44484260,320.64,312.73
481,2,2024-06-10,320.8,317.28,26344630,321.98,315.21
482,2,2024-06-11,317.5,317.8,20064950,319.84,315.88
483,2,2024-06-13,305.7,317.71,41281520,317.82,304.14
484,2,2024-06-14,317.8,319.35,21488970,320.7,316.2
485,2,2024-06-17,320.0,317.65,15476190,320.45,316.85
486,2,2024-06-18,317.65,314.34,22024090,318.0,313.02
487,2,2024-06-19,314.38,310.7,42183660,314.78,307.51
488,2,2024-06-20,310.7,314.15,72789950,314.72,306.02
489,2,2024-06-21,315.0,314.14,29116600,316.0,312.6
490,2,2024-06-24,314.7,317.25,29607080,319.0,314.14
491,2,2024-06-25,317.5,319.8,25978180,319.89,316.28
492,2,2024-06-26,320.1,324.55,42491110,324.56,319.8
493,2,2024-06-27,324.8,327.16,46771370,327.83,322.63
494,2,2024-06-28,327.87,327.15,40451800,329.3,325.8
495,2,2024-07-01,327.64,327.1,31710510,329.0,326.25
496,2,2024-07-02,327.35,328.37,21155650,328.87,326.82
497,2,2024-07-03,328.58,328.2,32156700,330.45,327.0
498,2,2024-07-04,328.39,324.66,40766110,329.57,323.81
499,2,2024-07-05,324.71,325.0,40433010,327.0,321.01
500,2,2024-07-08,325.76,324.07,27756900,327.44,323.74
501,2,2024-07-09,324.3,319.99,54199810,325.33,317.5
502,2,2024-07-10,319.0,316.68,88512550,320.3,314.3
503,2,2024-07-11,289.96,295.87,168030600,296.98,285.22
504,2,2024-07-12,296.0,292.21,49999170,297.48,290.97
505,2,2024-07-15,293.0,284.38,58737560,293.86,283.5
506,2,2024-07-16,284.49,285.25,82870860,285.69,276.7
507,2,2024-07-17,285.84,284.68,42824670,289.96,283.23
508,2,2024-07-18,284.68,289.83,34090360,289.99,282.73
509,2,2024-07-19,290.67,289.9,31022060,292.58,289.2
510,2,2024-07-22,291.0,294.71,33386610,294.95,291.0
511,2,2024-07-23,295.47,294.39,22190840,295.48,293.36
512,2,2024-07-24,294.39,295.69,24565710,296.67,293.2
513,2,2024-07-25,295.69,296.37,22868740,297.3,294.2
514,2,2024-07-26,296.4,293.3,84909830,300.0,292.67
515,2,2024-07-29,293.0,286.58,52445850,293.0,286.0
516,2,2024-07-30,286.5,290.0,42572480,291.99,284.32
517,2,2024-07-31,290.47,289.3,25974520,291.2,288.01
518,2,2024-08-01,289.87,287.21,18646450,290.69,287.04
519,2,2024-08-02,287.21,286.04,30086580,287.99,284.37
520,2,2024-08-05,282.79,275.49,82141460,283.46,275.17
521,2,2024-08-06,277.01,279.4,43600150,281.16,276.35
522,2,2024-08-07,280.0,282.2,48494490,283.27,277.21
523,2,2024-08-08,283.4,281.09,42425830,285.42,280.0
524,2,2024-08-09,281.0,281.44,22302730,282.67,279.62
525,2,2024-08-12,280.01,280.74,27767330,281.5,278.03
526,2,2024-08-13,281.05,283.92,24058790,284.33,280.42
527,2,2024-08-14,284.3,280.32,21757040,284.7,280.12
528,2,2024-08-15,280.5,278.01,28665290,280.85,276.73
529,2,2024-08-16,278.05,274.6,26195850,279.0,274.32
530,2,2024-08-19,275.0,268.17,68626200,275.56,265.02
531,2,2024-08-20,268.35,266.2,54276130,269.49,263.36
532,2,2024-08-21,266.2,266.93,37127480,267.8,263.86
533,2,2024-08-22,266.93,261.6,47907530,268.5,260.15
534,2,2024-08-23,261.61,259.5,76719180,262.8,255.56
535,2,2024-08-26,263.55,265.39,49974250,266.95,261.54
536,2,2024-08-27,265.83,260.5,32345170,266.07,259.82
537,2,2024-08-28,259.9,262.47,47867970,262.47,254.99
538,2,2024-08-29,262.58,260.31,34802250,264.19,258.36
539,2,2024-08-30,260.5,254.45,46118490,261.8,254.0
540,2,2024-09-02,254.03,244.31,97662430,254.2,242.65
541,2,2024-09-03,244.4,244.04,105673360,250.0,240.01
542,2,2024-09-04,244.51,253.01,70652080,253.5,242.8
543,2,2024-09-05,255.0,252.82,78616830,258.17,251.11
544,2,2024-09-06,253.01,254.77,41336330,255.35,250.31
545,2,2024-09-09,256.32,263.31,66128940,263.45,255.3
546,2,2024-09-10,264.61,261.29,57937830,264.61,258.7
547,2,2024-09-11,260.31,258.2,38293710,262.0,257.5
548,2,2024-09-12,257.8,254.93,46358080,258.68,252.85
549,2,2024-09-13,255.19,258.25,111180360,259.92,248.75
550,2,2024-09-16,259.64,263.79,52643180,264.37,257.8
551,2,2024-09-17,264.12,265.99,57565620,267.0,260.55
552,2,2024-09-18,265.73,263.4,43376640,267.99,263.15
553,2,2024-09-19,263.94,264.5,35683170,266.19,262.32
554,2,2024-09-20,264.52,269.08,38767000,269.21,264.5
555,2,2024-09-23,269.3,273.17,49396850,273.8,269.3
556,2,2024-09-24,273.9,272.92,36984140,273.94,270.5
557,2,2024-09-25,272.92,267.8,43803870,273.8,267.3
558,2,2024-09-26,267.54,267.88,31888540,269.76,265.41
559,2,2024-09-27,268.9,268.07,18889430,269.7,267.17
560,2,2024-09-30,269.26,268.49,42519740,272.33,268.14
561,2,2024-10-01,267.6,266.29,52125800,268.68,264.0
562,2,2024-10-02,266.01,259.31,46519200,268.0,258.52
563,2,2024-10-03,259.31,264.25,56534560,264.49,257.2
564,2,2024-10-04,264.96,264.09,25992290,265.44,262.11
565,2,2024-10-07,264.25,263.39,28940600,267.0,261.37
566,2,2024-10-08,263.0,262.4,16163780,263.8,261.89
567,2,2024-10-09,262.42,260.86,25021350,263.8,259.59
568,2,2024-10-10,260.88,259.98,17677230,261.64,258.91
569,2,2024-10-11,259.8,256.94,24848580,260.07,256.8
570,2,2024-10-14,256.15,261.28,64205680,263.91,254.1
571,2,2024-10-15,260.94,262.03,26247370,263.7,259.84
572,2,2024-10-16,262.05,259.5,40206260,264.72,258.45
573,2,2024-10-17,259.5,256.57,24658790,260.45,256.03
574,2,2024-10-18,256.21,257.19,30020250,258.9,254.41
575,2,2024-10-21,257.3,258.21,21471680,259.85,256.78
576,2,2024-10-22,258.1,255.42,17064680,258.8,255.25
577,2,2024-10-23,255.1,252.01,30420950,255.9,251.34
578,2,2024-10-24,252.01,252.64,28764370,254.27,250.25
579,2,2024-10-25,252.72,246.35,80587930,255.35,245.7
580,2,2024-10-28,245.02,242.56,71940990,249.0,241.61
581,2,2024-10-29,243.2,242.66,47134580,244.6,239.88
582,2,2024-10-30,242.7,241.45,39826840,246.22,241.11
583,2,2024-10-31,241.4,237.9,57274130,242.8,236.23
584,2,2024-11-01,237.9,238.03,48370770,239.1,234.57
585,2,2024-11-02,237.9,238.97,14895450,240.0,237.71
586,2,2024-11-05,239.6,239.23,28172270,241.2,238.07
587,2,2024-11-06,247.0,243.6,78965200,248.56,242.05
588,2,2024-11-07,243.26,250.93,44425190,251.0,242.16
589,2,2024-11-08,251.5,255.98,58086370,255.99,250.5
590,2,2024-11-11,257.99,260.73,67847940,261.3,256.49
591,2,2024-11-12,259.99,255.77,40926850,260.7,255.27
592,2,2024-11-13,255.29,254.7,44540020,258.96,254.05
593,2,2024-11-14,254.26,249.52,49011750,255.92,248.6
594,2,2024-11-15,249.31,253.43,44201700,254.43,248.05
595,2,2024-11-18,249.0,248.72,51559910,251.94,247.3
596,2,2024-11-19,249.03,240.59,75474680,249.83,239.62
597,2,2024-11-20,241.82,237.05,70349830,243.59,234.74
598,2,2024-11-21,237.15,240.47,75143570,240.94,234.0
599,2,2024-11-22,240.5,236.0,45621420,241.0,234.78
600,2,2024-11-25,236.0,227.81,76469770,237.1,227.25
601,2,2024-11-26,227.8,223.16,96795030,231.9,221.2
602,2,2024-11-27,223.9,226.3,112457620,226.47,219.2
603,2,2024-11-28,227.0,228.56,67840700,229.5,222.48
604,2,2024-11-29,228.48,236.49,70303900,236.99,227.55
605,2,2024-12-02,237.02,235.17,45142250,238.7,234.32
606,2,2024-12-03,235.29,230.8,45322870,235.97,230.26
607,2,2024-12-04,231.0,224.55,72417390,233.79,224.3
608,2,2024-12-05,224.57,233.48,86989140,233.75,222.82
609,2,2024-12-06,233.63,237.84,81096070,238.25,231.52
610,2,2024-12-09,239.29,237.29,52493640,240.51,236.75
611,2,2024-12-10,238.0,230.82,58740230,238.01,230.65
612,2,2024-12-11,230.5,234.19,64914300,234.39,229.22
613,2,2024-12-12,234.0,229.02,59171170,235.95,228.52
614,2,2024-12-13,228.9,228.7,46124660,231.33,227.85
615,2,2024-12-16,228.62,225.53,54593280,229.05,224.38
616,2,2024-12-17,225.6,226.5,45885470,227.49,223.72
617,2,2024-12-18,226.72,230.15,58056480,230.8,224.33
618,2,2024-12-19,230.16,229.0,124061370,234.99,227.71
619,2,2024-12-20,229.1,257.6,235186220,258.98,228.03
620,2,2024-12-23,260.0,264.9,163165650,270.0,256.51
621,2,2024-12-24,264.94,264.34,83808660,266.79,261.02
622,2,2024-12-25,263.62,271.69,125539910,273.0,260.31
623,2,2024-12-26,272.0,269.56,75735270,274.25,269.1
624,2,2024-12-27,269.61,271.2,52144690,272.16,268.57
625,2,2024-12-28,271.35,272.83,39585910,273.99,270.4
626,2,2024-12-30,274.0,279.43,52633750,279.49,273.7
627,2,2025-01-03,280.0,272.25,43086870,280.41,271.8
628,2,2025-01-06,270.88,274.37,28454750,274.41,270.07
629,2,2025-01-08,273.07,277.0,26634660,277.87,273.07
630,2,2025-01-09,276.71,271.8,52952880,278.77,270.73
631,2,2025-01-10,272.31,278.77,71154220,279.53,270.27
632,2,2025-01-13,280.62,279.8,66601710,284.75,278.6
633,2,2025-01-14,279.84,279.85,46037150,282.36,277.41
634,2,2025-01-15,280.0,282.77,52864450,282.82,276.06
635,2,2025-01-16,283.7,281.8,49453530,284.0,281.18
636,2,2025-01-17,282.2,283.53,51876150,284.64,280.19
637,2,2025-01-20,285.1,278.19,67946640,286.23,277.61
638,2,2025-01-21,279.39,281.85,40478260,281.85,276.32
639,2,2025-01-22,282.0,280.36,47106880,284.0,280.2
640,2,2025-01-23,280.79,280.49,38573410,280.79,277.35
641,2,2025-01-24,281.0,280.74,32155210,282.75,279.25
642,2,2025-01-27,280.72,275.23,39035610,280.97,275.01
643,2,2025-01-28,275.25,278.35,39030820,279.26,274.01
644,2,2025-01-29,278.0,280.36,39161630,282.18,277.12
645,2,2025-01-30,280.44,281.97,28020880,282.5,280.36
646,2,2025-01-31,281.97,280.73,40333120,284.11,280.27
647,2,2025-02-03,280.21,279.55,30373760,280.35,278.0
648,2,2025-02-04,279.55,277.4,23986670,281.41,275.7
649,2,2025-02-05,277.3,282.88,43070410,283.89,275.34
650,2,2025-02-06,283.89,287.15,69363150,288.92,282.09
651,2,2025-02-07,287.66,285.81,27626070,288.9,285.08
652,2,2025-02-10,287.61,289.94,73052590,294.55,287.61
653,2,2025-02-11,290.35,294.06,56009830,294.1,289.3
654,2,2025-02-12,294.3,314.0,185816680,314.4,291.3
655,2,2025-02-13,315.61,310.1,116925810,318.72,307.2
656,2,2025-02-14,315.59,309.87,126690930,317.84,303.06
657,2,2025-02-17,314.0,319.5,84827010,319.55,312.31
658,2,2025-02-18,319.99,312.95,85001770,320.92,310.21
659,2,2025-02-19,313.53,315.91,50484340,317.25,311.01
660,2,2025-02-20,315.91,315.05,33164900,317.96,314.02
661,2,2025-02-21,315.48,314.74,32725520,316.69,312.0
662,2,2025-02-24,314.92,316.03,35730390,316.4,313.0
663,2,2025-02-25,316.03,316.97,38826960,318.59,315.62
664,2,2025-02-26,316.97,310.22,73827020,317.45,308.31
665,2,2025-02-27,310.22,307.1,60936490,312.45,305.43
666,2,2025-02-28,306.01,309.63,65681370,310.4,304.05
667,2,2025-03-03,309.84,305.5,69490830,310.94,300.2
668,2,2025-03-04,306.95,316.4,88130960,318.5,306.14
669,2,2025-03-05,316.4,313.56,57792400,318.3,313.0
670,2,2025-03-06,313.6,315.18,31963110,317.43,313.57
671,2,2025-03-07,315.19,316.92,110871260,321.87,310.69
672,2,2025-03-10,316.98,317.57,39315360,320.63,316.37
673,2,2025-03-11,317.7,319.69,64935150,321.98,315.57
674,2,2025-03-12,319.99,318.39,41964450,320.9,315.8
675,2,2025-03-13,318.39,316.37,78552090,320.5,312.5
676,2,2025-03-14,316.0,320.51,51762530,321.1,314.12
677,2,2025-03-17,320.69,326.02,65837470,326.97,319.82
678,2,2025-03-18,326.2,324.06,72947120,329.77,323.82
679,2,2025-03-19,324.5,325.3,39800890,326.88,322.3
680,2,2025-03-20,325.41,324.05,42356790,326.0,321.8
681,2,2025-03-21,323.8,323.26,28707780,326.08,322.15
682,2,2025-03-24,323.26,319.47,33041960,323.94,318.51
683,2,2025-03-25,320.0,319.8,48328480,322.2,314.65
684,2,2025-03-26,319.9,315.23,20580040,320.88,315.01
685,2,2025-03-27,315.51,311.96,36146350,317.16,311.95
686,2,2025-03-28,311.96,308.04,51876870,313.65,305.65
687,2,2025-03-31,307.8,309.72,63464450,310.88,298.8
688,2,2025-04-01,310.5,303.24,46088340,312.9,302.7
689,2,2025-04-02,303.23,306.11,40207020,306.5,301.21
690,2,2025-04-03,306.21,302.09,52408560,309.2,296.0
691,2,2025-04-04,303.55,285.35,88719200,304.37,284.4
692,2,2025-04-07,285.25,287.56,148100880,294.0,275.76
693,2,2025-04-08,290.0,282.03,65532930,294.66,281.5
694,2,2025-04-09,280.91,293.4,109378190,294.48,276.33
695,2,2025-04-10,294.09,292.46,62862840,296.75,288.27
696,2,2025-04-11,293.0,299.81,50418210,300.48,292.8
697,2,2025-04-14,300.18,296.5,43463400,302.4,295.13
698,2,2025-04-15,296.51,297.99,24258710,300.45,295.6
699,2,2025-04-16,298.0,300.8,30103500,303.3,296.06
700,2,2025-04-17,300.89,304.8,37579800,305.07,300.41
701,2,2025-04-18,302.7,300.01,46147920,303.85,296.25
702,2,2025-04-21,302.67,308.12,51260130,308.7,301.76
703,2,2025-04-22,308.5,312.25,64482010,315.0,306.55
704,2,2025-04-23,313.0,310.0,58851190,314.98,305.55
705,2,2025-04-24,310.77,310.16,24120000,312.8,309.09
706,2,2025-04-25,310.85,316.69,51763570,317.87,310.71
707,2,2025-04-28,318.42,314.23,64064870,320.26,313.52
708,2,2025-04-29,314.99,309.41,30249990,315.45,308.1
709,2,2025-04-30,309.28,307.8,41266290,309.95,303.12
710,2,2025-05-02,307.8,299.96,19751770,307.8,299.7
711,2,2025-05-05,299.9,294.64,51318290,302.78,291.66
712,2,2025-05-06,294.65,302.02,49327640,304.75,292.05
713,2,2025-05-07,302.5,302.79,29667370,304.24,300.56
714,2,2025-05-08,302.9,302.15,20811410,306.0,300.61
715,2,2025-05-12,303.53,310.81,44959170,311.49,301.7
716,2,2025-05-13,310.8,311.24,24762720,312.5,309.61
717,2,2025-05-14,311.5,304.21,27152010,313.71,304.04
718,2,2025-05-15,304.2,304.72,47487250,307.77,300.49
719,2,2025-05-16,304.7,306.34,63956680,308.88,296.56
720,2,2025-05-19,306.34,308.33,54696990,313.0,306.01
721,2,2025-05-20,308.88,306.16,19810690,309.55,304.7
722,2,2025-05-21,306.17,303.98,20456330,307.56,302.89
723,2,2025-05-22,304.5,302.66,35013910,305.6,299.17
724,2,2025-05-23,302.66,302.22,17175890,305.0,301.33
725,2,2025-05-26,302.22,297.77,34631470,302.49,295.5
726,2,2025-05-27,297.73,298.7,25760040,299.9,293.08
727,2,2025-05-28,299.0,308.47,48001460,308.82,299.0
728,2,2025-05-29,308.61,306.65,24049740,309.95,305.66
729,2,2025-05-30,306.27,309.3,21916240,310.29,305.01
730,3,2024-01-03,159.73,161.44,8117860,161.58,159.73
731,3,2024-01-04,161.51,161.25,4888930,161.64,161.0
732,3,2024-01-05,161.2,161.94,8784940,162.3,161.07
733,3,2024-01-08,162.44,163.05,11173290,163.2,162.0
734,3,2024-01-09,163.01,162.41,9608200,163.06,161.77
735,3,2024-01-10,162.41,162.87,10752210,163.7,162.0
736,3,2024-01-11,162.96,162.5,13102580,162.96,161.93
737,3,2024-01-12,162.52,163.37,14760600,163.98,162.2
738,3,2024-01-15,163.8,163.34,11074540,164.4,163.26
739,3,2024-01-16,163.2,163.22,12202210,164.18,162.37
740,3,2024-01-17,163.48,164.04,8673260,164.2,163.0
741,3,2024-01-18,164.12,166.52,39396100,167.55,164.12
742,3,2024-01-19,166.52,165.9,23573690,167.62,165.2
743,3,2024-01-22,165.98,166.06,13014740,167.0,165.26
744,3,2024-01-23,166.49,168.31,29371870,168.96,165.6
745,3,2024-01-24,168.36,166.36,18385460,168.63,166.2
746,3,2024-01-25,166.36,165.42,16186240,166.94,165.36
747,3,2024-01-26,165.65,163.99,21001700,165.95,163.65
748,3,2024-01-29,164.0,163.5,17106520,164.49,162.85
749,3,2024-01-30,163.31,163.22,17847070,163.79,162.71
750,3,2024-01-31,163.42,166.33,39753230,166.48,162.9
751,3,2024-02-01,166.75,165.25,20908970,166.75,164.8
752,3,2024-02-02,165.15,164.4,32746310,167.85,164.4
753,3,2024-02-05,164.42,164.87,18001250,165.22,163.55
754,3,2024-02-06,164.87,164.56,13180720,165.12,164.04
755,3,2024-02-07,164.56,164.62,16397610,165.59,164.34
756,3,2024-02-08,164.62,163.21,17761670,164.96,163.1
757,3,2024-02-09,163.48,163.23,12339840,163.97,163.2
758,3,2024-02-12,163.28,162.49,17911680,163.5,162.21
759,3,2024-02-13,162.6,162.29,15099210,163.9,162.0
760,3,2024-02-14,162.38,161.92,22048780,162.88,161.07
761,3,2024-02-15,162.09,161.59,16636650,162.61,161.31
762,3,2024-02-16,161.98,161.19,17152230,162.0,161.1
763,3,2024-02-19,161.34,161.24,13029740,162.2,160.84
764,3,2024-02-20,161.21,159.5,21865050,161.64,159.16
765,3,2024-02-21,159.6,158.64,22520820,160.23,158.3
766,3,2024-02-22,159.0,158.12,17683620,159.1,158.0
767,3,2024-02-26,158.92,160.09,16627580,160.56,158.85
768,3,2024-02-27,160.15,159.04,12124860,160.15,158.81
769,3,2024-02-28,159.19,160.65,33721440,162.27,159.05
770,3,2024-02-29,160.65,161.82,18118980,162.3,160.0
771,3,2024-03-01,161.82,161.34,18294730,163.1,161.18
772,3,2024-03-04,161.49,161.24,16580320,162.0,160.86
773,3,2024-03-05,161.24,160.98,14143780,161.8,160.23
774,3,2024-03-06,160.98,161.65,13620420,162.0,160.5
775,3,2024-03-07,161.65,160.91,14213540,162.3,160.75
776,3,2024-03-11,161.03,160.56,15911070,161.28,160.51
777,3,2024-03-12,160.79,162.99,26531930,163.31,160.56
778,3,2024-03-13,163.2,161.77,19204640,163.22,161.1
779,3,2024-03-14,161.8,161.1,14016060,161.81,160.53
780,3,2024-03-15,161.1,160.86,14155970,161.42,160.04
781,3,2024-03-18,161.1,160.58,14279600,161.43,160.31
782,3,2024-03-19,160.5,158.55,38302470,161.25,158.04
783,3,2024-03-20,158.6,158.42,21082210,158.98,157.75
784,3,2024-03-21,158.79,158.28,18125670,159.16,157.87
785,3,2024-03-22,158.33,156.44,28164310,158.69,156.0
786,3,2024-03-25,157.19,158.84,26977690,158.97,155.75
787,3,2024-03-26,159.1,157.94,28042540,159.45,156.9
788,3,2024-03-27,158.0,157.79,11874900,158.6,157.2
789,3,2024-03-28,157.79,157.05,10233230,157.95,157.04
790,3,2024-03-29,157.02,157.22,16069360,157.9,156.51
791,3,2024-04-01,157.63,158.06,16774670,158.25,157.43
792,3,2024-04-02,158.11,164.18,72249810,164.98,157.51
793,3,2024-04-03,164.05,162.63,43058980,165.36,162.12
794,3,2024-04-04,162.76,162.69,30264090,164.3,161.52
795,3,2024-04-05,162.75,163.59,22832950,164.63,162.1
796,3,2024-04-08,164.0,163.89,16501080,164.9,163.57
797,3,2024-04-09,164.0,164.08,29074240,165.79,163.49
798,3,2024-04-10,164.1,164.74,23220690,165.94,163.59
799,3,2024-04-11,164.97,166.24,30798110,166.33,164.15
800,3,2024-04-12,166.52,164.83,26345100,166.8,164.69
801,3,2024-04-15,165.0,163.33,21614160,165.66,163.27
802,3,2024-04-16,163.34,164.38,19294750,164.78,162.65
803,3,2024-04-17,164.52,164.62,20072810,165.68,163.78
804,3,2024-04-18,164.71,165.4,17628510,166.1,163.85
805,3,2024-04-19,165.52,167.03,36227630,168.15,165.0
806,3,2024-04-22,167.2,166.77,26962760,167.89,165.55
807,3,2024-04-23,166.59,163.7,34991960,167.43,162.62
808,3,2024-04-24,163.7,162.86,20812190,164.41,162.62
809,3,2024-04-25,163.0,163.35,14602630,164.2,162.67
810,3,2024-04-26,163.49,162.46,23118270,164.19,162.11
811,3,2024-04-27,162.69,164.06,31254970,166.49,161.7
812,3,2024-04-29,164.1,164.03,7827440,165.24,163.83
813,3,2024-04-30,164.35,163.22,7189500,164.55,163.22
814,3,2024-05-02,163.29,157.75,117419850,165.36,156.38
815,3,2024-05-03,157.4,155.2,66285240,157.74,154.0
816,3,2024-05-06,155.31,153.64,27052990,155.76,153.0
817,3,2024-05-07,154.0,154.16,16599840,154.96,153.5
818,3,2024-05-08,154.21,154.22,9624330,154.75,154.16
819,3,2024-05-10,154.22,154.58,5027180,154.89,154.22
820,3,2024-05-13,155.2,157.9,36528160,158.65,154.91
821,3,2024-05-14,157.98,156.16,18712660,158.4,155.82
822,3,2024-05-15,156.31,156.97,27244510,157.29,154.91
823,3,2024-05-16,157.0,157.88,24806910,158.1,156.67
824,3,2024-05-17,158.35,155.17,40725570,158.35,154.75
825,3,2024-05-20,155.31,145.03,138805570,155.69,145.01
826,3,2024-05-21,144.24,139.54,177488970,145.68,137.35
827,3,2024-05-22,139.8,139.25,54149780,142.2,138.67
828,3,2024-05-23,139.08,134.69,110788890,139.08,133.17
829,3,2024-05-24,134.9,133.34,58821300,136.45,133.0
830,3,2024-05-27,134.2,128.42,89295170,134.69,127.56
831,3,2024-05-28,128.77,128.47,63491780,131.75,126.82
832,3,2024-05-29,129.0,128.89,45104880,129.82,127.12
833,3,2024-05-30,129.5,124.93,45410680,129.53,123.26
834,3,2024-05-31,125.0,126.46,75228150,127.92,123.81
835,3,2024-06-03,126.68,124.14,70714210,128.61,122.09
836,3,2024-06-04,124.22,125.1,34773460,125.16,122.75
837,3,2024-06-05,125.72,124.02,37352190,126.5,123.63
838,3,2024-06-06,124.1,123.6,20684110,124.94,123.38
839,3,2024-06-07,123.8,122.78,47549190,125.82,122.16
840,3,2024-06-10,123.05,119.0,85242800,123.64,117.54
841,3,2024-06-11,119.15,117.53,62511320,119.34,116.33
842,3,2024-06-13,113.0,119.63,70245160,119.93,112.07
843,3,2024-06-14,119.96,121.65,50038450,122.01,118.89
844,3,2024-06-17,122.34,121.54,28884630,122.68,120.79
845,3,2024-06-18,121.54,118.02,40921970,122.04,117.18
846,3,2024-06-19,118.02,113.85,74701120,118.5,112.54
847,3,2024-06-20,114.3,115.92,176304340,116.39,110.0
848,3,2024-06-21,116.0,115.4,45955860,117.25,114.14
849,3,2024-06-24,115.4,113.67,27459870,116.35,113.2
850,3,2024-06-25,114.01,114.97,32091500,115.09,112.46
851,3,2024-06-26,115.02,117.0,39678830,117.25,114.65
852,3,2024-06-27,117.05,115.65,30930680,118.37,115.4
853,3,2024-06-28,116.33,115.94,23970340,116.65,114.88
854,3,2024-07-01,116.0,121.4,59999040,121.82,116.0
855,3,2024-07-02,121.4,126.2,130099950,127.25,120.76
856,3,2024-07-03,126.22,124.96,165369260,129.45,124.14
857,3,2024-07-04,125.0,122.17,80922630,126.8,121.7
858,3,2024-07-05,122.01,126.74,124619040,127.0,121.2
859,3,2024-07-08,127.5,127.74,89852870,128.84,125.25
860,3,2024-07-09,128.0,124.05,90409910,128.97,123.15
861,3,2024-07-10,123.98,117.81,99730430,125.0,117.75
862,3,2024-07-11,117.6,121.75,72196900,122.7,117.6
863,3,2024-07-12,121.9,119.65,48210120,122.47,118.23
864,3,2024-07-15,120.0,119.28,40528050,120.99,118.52
865,3,2024-07-16,119.28,124.74,93665430,126.01,118.61
866,3,2024-07-17,125.23,124.46,67304690,126.83,123.21
867,3,2024-07-18,124.46,129.81,89804920,129.85,123.38
868,3,2024-07-19,130.1,130.88,92987450,132.47,128.79
869,3,2024-07-22,131.96,131.61,53280240,132.81,130.28
870,3,2024-07-23,131.65,134.07,69161410,135.0,129.57
871,3,2024-07-24,134.07,136.73,64078490,137.28,133.42
872,3,2024-07-25,136.75,135.1,41046810,137.14,134.87
873,3,2024-07-26,135.1,135.0,82134230,136.68,132.59
874,3,2024-07-29,134.49,130.99,64635080,134.77,130.12
875,3,2024-07-30,130.8,132.4,53203780,134.07,130.46
876,3,2024-07-31,132.32,133.31,48397120,134.49,132.01
877,3,2024-08-01,133.48,132.05,29614440,134.35,131.51
878,3,2024-08-02,132.05,131.45,40721860,132.6,129.66
879,3,2024-08-05,129.05,127.25,59664760,130.54,127.0
880,3,2024-08-06,128.39,128.7,37177160,129.6,127.34
881,3,2024-08-07,128.87,129.84,61768160,130.34,126.18
882,3,2024-08-08,130.01,128.14,39306320,130.91,127.36
883,3,2024-08-09,128.01,128.64,29420480,129.76,127.27
884,3,2024-08-12,128.39,128.71,25827740,129.35,127.11
885,3,2024-08-13,128.72,130.49,23818940,130.8,128.72
886,3,2024-08-14,130.8,129.84,21740580,131.49,129.51
887,3,2024-08-15,129.99,127.6,25727960,130.31,127.01
888,3,2024-08-16,127.6,126.36,30450500,128.24,125.26
889,3,2024-08-19,126.4,126.29,30525030,127.69,125.21
890,3,2024-08-20,126.29,125.85,28180250,127.64,125.33
891,3,2024-08-21,125.46,123.38,35983860,126.4,123.03
892,3,2024-08-22,123.39,118.51,56198040,123.97,117.84
893,3,2024-08-23,118.2,116.81,60663060,119.24,115.0
894,3,2024-08-26,119.5,126.8,123258220,128.01,119.49
895,3,2024-08-27,127.3,124.47,92790430,127.98,122.52
896,3,2024-08-28,124.34,124.51,71155350,125.67,121.0
897,3,2024-08-29,124.5,130.27,165047240,130.91,123.55
898,3,2024-08-30,130.89,122.97,121617930,131.3,122.6
899,3,2024-09-02,122.9,123.86,82918950,124.73,121.43
900,3,2024-09-03,124.2,120.6,84484940,125.5,118.6
901,3,2024-09-04,120.6,122.46,45807220,122.9,119.66
902,3,2024-09-05,123.5,123.76,50102670,124.95,121.54
903,3,2024-09-06,123.76,123.0,24886060,124.6,122.26
904,3,2024-09-09,123.62,125.04,31700150,125.48,123.2
905,3,2024-09-10,125.5,123.44,28019560,125.96,122.82
906,3,2024-09-11,123.4,121.62,22183380,123.67,121.35
907,3,2024-09-12,121.6,118.78,46788690,121.84,117.32
908,3,2024-09-13,118.79,119.91,55825340,119.97,116.01
909,3,2024-09-16,120.6,121.73,38854810,122.62,119.52
910,3,2024-09-17,121.91,123.1,36877510,123.47,120.17
911,3,2024-09-18,122.53,122.18,30649560,123.9,121.9
912,3,2024-09-19,121.9,122.24,43382140,123.39,121.21
913,3,2024-09-20,122.3,122.4,28518020,123.18,121.86
914,3,2024-09-23,122.65,130.35,138227980,130.8,122.62
915,3,2024-09-24,130.9,139.71,296528780,139.9,130.66
916,3,2024-09-25,140.5,135.44,150051920,140.99,134.29
917,3,2024-09-26,134.91,137.35,131197240,138.48,133.64
918,3,2024-09-27,137.55,140.5,86225140,141.77,136.4
919,3,2024-09-30,140.5,138.19,237070920,144.2,136.82
920,3,2024-10-01,137.9,136.21,98557620,139.2,134.44
921,3,2024-10-02,136.22,132.12,66820150,137.16,131.7
922,3,2024-10-03,131.6,133.87,57363130,134.16,130.32
923,3,2024-10-04,134.06,133.32,28796380,134.49,132.03
924,3,2024-10-07,133.32,133.5,25456730,133.66,131.6
925,3,2024-10-08,133.11,133.83,32048400,134.88,132.9
926,3,2024-10-09,133.77,132.51,19471090,133.92,131.5
927,3,2024-10-10,132.5,132.69,17588930,133.49,132.15
928,3,2024-10-11,132.94,131.82,21593520,132.94,131.52
929,3,2024-10-14,131.5,131.92,34766880,133.35,130.51
930,3,2024-10-15,131.85,133.97,28313540,134.4,131.43
931,3,2024-10-16,134.03,137.24,78152550,138.8,133.96
932,3,2024-10-17,137.49,136.05,49328930,138.29,134.8
933,3,2024-10-18,136.27,135.67,26454740,137.3,134.8
934,3,2024-10-21,135.68,135.97,19256570,136.6,135.11
935,3,2024-10-22,136.12,136.24,55318450,140.08,135.51
936,3,2024-10-23,136.0,134.76,35901510,137.5,134.13
937,3,2024-10-24,134.94,134.12,28816490,135.2,132.15
938,3,2024-10-25,134.15,133.0,55157550,136.5,132.0
939,3,2024-10-28,131.98,124.87,80459410,132.26,123.5
940,3,2024-10-29,125.12,125.97,67274150,126.96,121.85
941,3,2024-10-30,126.16,123.8,35262440,127.2,123.52
942,3,2024-10-31,123.16,123.44,34777610,124.94,122.25
943,3,2024-11-01,123.8,125.6,24664670,125.67,122.71
944,3,2024-11-02,125.74,128.7,32521880,129.3,125.01
945,3,2024-11-05,129.0,128.77,23073860,129.37,127.37
946,3,2024-11-06,133.11,131.92,109221520,136.59,130.4
947,3,2024-11-07,131.85,135.52,52608800,135.54,129.65
948,3,2024-11-08,135.8,135.9,64515570,137.0,133.64
949,3,2024-11-11,137.2,138.12,45791540,138.33,135.24
950,3,2024-11-12,137.82,135.16,33078360,137.82,134.64
951,3,2024-11-13,134.9,132.6,32556660,136.65,132.27
952,3,2024-11-14,132.02,131.61,40544900,133.34,130.67
953,3,2024-11-15,131.61,133.37,48146470,134.0,131.02
954,3,2024-11-18,129.5,129.12,60407760,130.73,128.75
955,3,2024-11-19,128.98,125.49,59160940,129.38,123.8
956,3,2024-11-20,126.0,121.89,61761810,126.78,120.36
957,3,2024-11-21,122.2,124.1,77481690,124.35,119.62
958,3,2024-11-22,124.25,119.47,72089820,124.32,118.4
959,3,2024-11-25,119.5,117.44,53827410,120.45,116.06
960,3,2024-11-26,117.25,114.5,58959310,119.43,114.01
961,3,2024-11-27,115.0,119.41,93159920,119.81,112.34
962,3,2024-11-28,120.0,120.29,54425530,121.5,118.25
963,3,2024-11-29,120.29,124.29,73153340,124.9,119.6
964,3,2024-12-02,125.0,123.9,42710420,125.45,123.51
965,3,2024-12-03,123.9,121.48,34810040,124.0,120.71
966,3,2024-12-04,121.5,115.3,87366410,123.46,114.13
967,3,2024-12-05,115.8,116.63,94830050,117.46,113.0
968,3,2024-12-06,117.17,114.99,48053970,117.32,113.9
969,3,2024-12-09,115.76,117.06,41851750,117.86,115.0
970,3,2024-12-10,117.4,114.7,38672000,117.47,114.5
971,3,2024-12-11,114.6,115.16,47568650,116.0,113.75
972,3,2024-12-12,115.16,113.1,40241950,115.4,113.0
973,3,2024-12-13,113.0,112.86,34353520,114.2,112.46
974,3,2024-12-16,112.69,108.71,78161020,112.8,108.11
975,3,2024-12-17,108.72,107.26,67650770,109.47,106.1
976,3,2024-12-18,107.46,108.05,79060770,108.57,105.22
977,3,2024-12-19,108.0,107.16,164458790,111.16,106.0
978,3,2024-12-20,107.16,115.24,155013740,116.42,106.88
979,3,2024-12-23,117.18,119.75,96363630,120.99,116.58
980,3,2024-12-24,119.97,121.7,109011190,123.25,118.48
981,3,2024-12-25,121.71,128.11,168881530,128.71,121.12
982,3,2024-12-26,128.4,126.89,103442830,129.6,125.72
983,3,2024-12-27,126.89,127.79,49876270,128.3,126.41
984,3,2024-12-28,127.79,129.6,53033190,130.0,127.7
985,3,2024-12-30,130.05,133.12,52862990,133.36,130.05
986,3,2025-01-03,132.9,128.66,45077800,133.0,128.2
987,3,2025-01-06,128.0,128.34,23704570,128.44,126.53
988,3,2025-01-08,128.24,129.45,21526650,129.89,128.14
989,3,2025-01-09,129.68,124.01,66156670,129.68,123.51
990,3,2025-01-10,124.51,126.6,102667730,127.37,121.31
991,3,2025-01-13,127.96,131.47,102891820,132.68,127.72
992,3,2025-01-14,131.0,132.99,91468470,134.82,130.0
993,3,2025-01-15,133.1,136.36,75606700,136.52,131.85
994,3,2025-01-16,136.36,135.33,72504860,137.66,134.11
995,3,2025-01-17,135.33,138.76,68351940,139.17,134.7
996,3,2025-01-20,140.14,137.1,79485480,140.96,136.55
997,3,2025-01-21,137.1,138.01,51049100,138.89,135.22
998,3,2025-01-22,138.15,136.83,56189470,139.59,136.0
999,3,2025-01-23,136.79,137.84,37353350,138.0,135.55
1000,3,2025-01-24,138.31,138.43,40997950,139.31,137.07
1001,3,2025-01-27,138.43,134.26,46261010,138.96,133.82
1002,3,2025-01-28,134.03,137.54,74617870,138.75,132.77
1003,3,2025-01-29,137.78,137.05,32928780,139.0,136.0
1004,3,2025-01-30,137.05,140.47,67516680,140.77,136.79
1005,3,2025-01-31,140.55,140.84,104745440,144.29,139.6
1006,3,2025-02-03,140.45,139.63,61419880,142.15,138.4
1007,3,2025-02-04,139.95,136.84,50420110,140.58,136.6
1008,3,2025-02-05,136.85,140.45,67187500,140.49,136.1
1009,3,2025-02-06,140.52,141.98,73238430,143.43,139.1
1010,3,2025-02-07,142.2,141.9,39550870,143.13,141.01
1011,3,2025-02-10,142.67,142.46,62348530,144.62,141.93
1012,3,2025-02-11,142.28,142.97,46769990,143.9,140.77
1013,3,2025-02-12,143.03,154.6,233150190,154.6,143.03
1014,3,2025-02-13,159.1,166.32,533021120,175.19,156.33
1015,3,2025-02-14,169.94,168.1,325611890,173.93,163.07
1016,3,2025-02-17,172.02,180.05,214122040,180.05,171.1
1017,3,2025-02-18,181.0,171.2,319221210,184.8,169.0
1018,3,2025-02-19,172.22,176.25,140445300,177.8,169.12
1019,3,2025-02-20,176.26,173.0,84843560,176.44,172.23
1020,3,2025-02-21,173.0,171.09,101892300,174.38,167.61
1021,3,2025-02-24,170.47,177.16,115933550,177.2,169.22
1022,3,2025-02-25,177.2,175.1,101106090,179.77,173.74
1023,3,2025-02-26,175.7,169.26,102026480,175.7,168.75
1024,3,2025-02-27,169.26,166.7,115618730,171.84,166.22
1025,3,2025-02-28,166.34,170.87,146393550,172.0,163.53
1026,3,2025-03-03,171.5,169.26,154916540,172.73,163.35
1027,3,2025-03-04,170.0,173.92,99290710,175.3,169.55
1028,3,2025-03-05,173.55,170.95,131050640,178.0,170.26
1029,3,2025-03-06,171.0,172.93,86510360,175.71,170.0
1030,3,2025-03-07,172.6,171.56,85018390,174.79,168.13
1031,3,2025-03-10,171.97,171.09,35410310,172.78,170.15
1032,3,2025-03-11,171.09,170.42,61143390,172.5,169.15
1033,3,2025-03-12,170.42,168.29,46487190,171.14,167.7
1034,3,2025-03-13,168.3,168.11,214675050,171.7,160.71
1035,3,2025-03-14,167.22,170.45,110594810,171.47,164.38
1036,3,2025-03-17,170.45,172.73,115976400,174.84,170.34
1037,3,2025-03-18,173.39,168.52,141726140,174.48,167.55
1038,3,2025-03-19,169.0,168.33,74132780,169.78,165.57
1039,3,2025-03-20,168.7,168.09,83481470,169.0,165.67
1040,3,2025-03-21,167.0,166.61,54323230,168.94,166.02
1041,3,2025-03-24,166.4,164.56,44708200,166.63,163.11
1042,3,2025-03-25,164.95,164.46,84616820,166.33,160.25
1043,3,2025-03-26,165.2,161.85,58679870,167.26,161.21
1044,3,2025-03-27,161.5,155.25,90863590,162.4,154.9
1045,3,2025-03-28,155.0,145.43,169580410,156.11,145.2
1046,3,2025-03-31,145.41,145.69,113809760,147.49,140.5
1047,3,2025-04-01,146.09,137.5,156100030,147.82,136.7
1048,3,2025-04-02,137.5,139.23,107535040,139.98,135.44
1049,3,2025-04-03,139.8,134.54,150937530,143.01,130.73
1050,3,2025-04-04,136.0,126.7,178689570,136.66,126.4
1051,3,2025-04-07,126.0,125.57,246777960,129.69,118.1
1052,3,2025-04-08,126.6,121.91,110693830,128.94,121.36
1053,3,2025-04-09,120.77,127.76,213129370,128.62,116.6
1054,3,2025-04-10,128.48,127.77,153296370,131.0,124.64
1055,3,2025-04-11,127.76,132.91,126458420,133.59,127.38
1056,3,2025-04-14,134.36,132.05,127461650,137.0,130.66
1057,3,2025-04-15,132.0,131.6,80694900,134.3,129.74
1058,3,2025-04-16,131.6,132.0,84950240,134.0,129.02
1059,3,2025-04-17,132.52,136.79,110560710,137.48,132.4
1060,3,2025-04-18,134.6,134.77,96727500,136.31,133.03
1061,3,2025-04-21,136.4,139.53,95448040,140.0,135.29
1062,3,2025-04-22,139.8,145.0,182226180,146.79,138.51
1063,3,2025-04-23,145.25,143.38,198410840,145.97,138.58
1064,3,2025-04-24,144.0,144.29,105241790,146.78,143.54
1065,3,2025-04-25,145.03,150.23,170697220,150.8,144.64
1066,3,2025-04-28,152.0,153.27,276547850,157.45,149.05
1067,3,2025-04-29,153.27,149.25,132410920,154.5,147.21
1068,3,2025-04-30,149.34,149.89,203045570,153.95,147.11
1069,3,2025-05-02,149.7,138.89,105845280,149.7,138.15
1070,3,2025-05-05,138.98,135.09,221380320,141.85,131.53
1071,3,2025-05-06,134.92,137.71,204858750,139.5,132.33
1072,3,2025-05-07,137.76,139.9,112962170,140.38,136.76
1073,3,2025-05-08,140.06,142.9,145783600,144.77,140.03
1074,3,2025-05-12,144.05,146.73,210041920,149.39,143.1
1075,3,2025-05-13,146.98,145.64,80206180,147.5,144.83
1076,3,2025-05-14,145.93,141.74,101414090,146.8,141.59
1077,3,2025-05-15,141.65,139.44,154679680,143.18,137.86
1078,3,2025-05-16,139.89,139.1,186039790,140.82,133.5
1079,3,2025-05-19,139.4,139.72,191063900,143.64,138.88
1080,3,2025-05-20,140.02,137.1,95710800,140.5,134.99
1081,3,2025-05-21,137.0,136.5,136285100,141.99,135.25
1082,3,2025-05-22,136.2,130.87,188984160,136.84,130.07
1083,3,2025-05-23,131.0,131.13,76880440,131.5,128.81
1084,3,2025-05-26,130.67,125.52,119026370,130.98,124.18
1085,3,2025-05-27,125.38,127.41,106322530,127.82,122.57
1086,3,2025-05-28,127.41,131.95,98404920,132.4,127.05
1087,3,2025-05-29,132.3,129.42,66316700,132.4,129.21
1088,3,2025-05-30,129.35,132.26,84542380,133.05,128.33
1089,4,2024-01-03,6774.0,6803.5,202485,6805.0,6745.5
1090,4,2024-01-04,6804.5,6771.0,183411,6811.5,6763.5
1091,4,2024-01-05,6771.5,6780.0,107606,6794.5,6770.5
1092,4,2024-01-08,6783.0,6766.5,215760,6804.5,6756.0
1093,4,2024-01-09,6780.0,6931.0,846711,6942.0,6750.5
1094,4,2024-01-10,6935.0,6957.0,712613,7023.0,6923.0
1095,4,2024-01-11,6965.0,6972.5,423594,6995.0,6930.5
1096,4,2024-01-12,7005.0,6965.0,408235,7011.0,6962.0
1097,4,2024-01-15,6950.0,6889.5,569684,6968.5,6874.0
1098,4,2024-01-16,6884.5,6857.0,468624,6885.5,6826.0
1099,4,2024-01-17,6859.5,6910.0,305722,6919.5,6830.0
1100,4,2024-01-18,6923.0,6857.5,279760,6930.0,6846.0
1101,4,2024-01-19,6858.0,6834.5,336358,6883.0,6800.5
1102,4,2024-01-22,6830.0,6840.0,200555,6859.0,6815.5
1103,4,2024-01-23,6840.0,6799.5,355179,6850.0,6782.0
1104,4,2024-01-24,6798.0,6795.0,469629,6828.0,6754.0
1105,4,2024-01-25,6810.5,6809.0,321262,6819.5,6760.5
1106,4,2024-01-26,6829.0,6901.0,676152,6920.0,6801.0
1107,4,2024-01-29,6918.0,6943.0,591425,6975.0,6911.0
1108,4,2024-01-30,6945.0,6994.0,649956,7007.0,6933.0
1109,4,2024-01-31,7000.0,7090.5,941356,7122.0,7000.0
1110,4,2024-02-01,7105.0,7093.5,575655,7145.0,7059.0
1111,4,2024-02-02,7094.0,7114.0,574253,7127.0,7050.0
1112,4,2024-02-05,7099.0,7137.5,536657,7185.0,7094.0
1113,4,2024-02-06,7145.0,7163.0,342130,7171.0,7115.0
1114,4,2024-02-07,7170.0,7265.0,781313,7272.5,7160.5
1115,4,2024-02-08,7272.0,7231.5,641629,7288.0,7191.0
1116,4,2024-02-09,7232.0,7238.5,347142,7260.0,7182.5
1117,4,2024-02-12,7240.0,7280.0,314983,7280.0,7223.0
1118,4,2024-02-13,7297.0,7269.0,487680,7311.0,7231.0
1119,4,2024-02-14,7275.0,7220.5,340611,7283.0,7200.5
1120,4,2024-02-15,7205.0,7282.5,393724,7295.0,7184.0
1121,4,2024-02-16,7294.0,7224.5,509615,7300.0,7205.0
1122,4,2024-02-19,7233.0,7188.0,401308,7240.5,7187.5
1123,4,2024-02-20,7188.0,7081.0,690280,7192.5,7070.5
1124,4,2024-02-21,7080.0,6990.5,1056631,7115.0,6962.0
1125,4,2024-02-22,7000.5,7021.5,672857,7040.0,6970.0
1126,4,2024-02-26,7150.5,7164.0,612660,7178.5,7103.5
1127,4,2024-02-27,7159.5,7141.5,342224,7163.0,7104.0
1128,4,2024-02-28,7155.0,7261.5,735475,7276.0,7130.5
1129,4,2024-02-29,7263.0,7378.0,1141422,7402.0,7220.0
1130,4,2024-03-01,7387.0,7463.5,971874,7464.0,7372.5
1131,4,2024-03-04,7477.5,7511.5,1911151,7534.0,7351.5
1132,4,2024-03-05,7515.0,7499.5,1040586,7544.5,7430.5
1133,4,2024-03-06,7499.5,7483.0,857869,7561.5,7470.0
1134,4,2024-03-07,7488.0,7513.0,426452,7517.0,7457.0
1135,4,2024-03-11,7537.0,7554.5,648724,7592.5,7523.5
1136,4,2024-03-12,7539.0,7536.5,1111543,7575.5,7481.5
1137,4,2024-03-13,7538.0,7426.0,1230308,7554.5,7409.5
1138,4,2024-03-14,7426.0,7370.0,1389788,7434.5,7320.0
1139,4,2024-03-15,7365.5,7380.0,788252,7404.0,7336.5
1140,4,2024-03-18,7390.5,7344.0,602099,7397.5,7309.5
1141,4,2024-03-19,7349.0,7333.5,1161411,7349.0,7250.0
1142,4,2024-03-20,7338.5,7438.5,1157982,7460.0,7337.5
1143,4,2024-03-21,7450.0,7417.5,648324,7454.5,7370.0
1144,4,2024-03-22,7420.0,7303.0,3496776,7538.0,7184.5
1145,4,2024-03-25,7305.0,7438.0,877301,7452.0,7303.0
1146,4,2024-03-26,7454.5,7419.0,562109,7455.0,7380.0
1147,4,2024-03-27,7425.5,7493.0,519706,7497.0,7404.5
1148,4,2024-03-28,7495.0,7481.0,498911,7517.0,7430.5
1149,4,2024-03-29,7481.5,7551.0,705061,7578.0,7460.0
1150,4,2024-04-01,7574.0,7665.0,741367,7666.0,7573.0
1151,4,2024-04-02,7679.5,7654.0,383628,7689.0,7625.0
1152,4,2024-04-03,7654.0,7686.5,316677,7699.0,7641.0
1153,4,2024-04-04,7687.5,7727.5,738307,7783.5,7678.0
1154,4,2024-04-05,7730.5,7662.5,1058107,7777.5,7654.0
1155,4,2024-04-08,7700.0,7767.0,665595,7777.0,7662.5
1156,4,2024-04-09,7770.0,7786.5,855572,7844.0,7740.0
1157,4,2024-04-10,7802.5,7825.0,388050,7837.0,7755.0
1158,4,2024-04-11,7835.0,7836.5,413546,7870.0,7827.0
1159,4,2024-04-12,7840.0,7839.5,477639,7865.0,7785.0
1160,4,2024-04-15,7853.0,7920.5,544524,7931.0,7849.5
1161,4,2024-04-16,7929.5,7897.0,414942,7929.5,7870.0
1162,4,2024-04-17,7897.0,7886.0,442533,7918.0,7855.5
1163,4,2024-04-18,7888.0,7840.0,539551,7897.5,7800.0
1164,4,2024-04-19,7860.0,7835.5,634310,7868.5,7790.0
1165,4,2024-04-22,7836.0,7827.5,669392,7878.0,7803.0
1166,4,2024-04-23,7849.5,7840.0,513602,7886.5,7806.0
1167,4,2024-04-24,7846.5,7820.5,349688,7854.0,7803.5
1168,4,2024-04-25,7820.5,7827.5,306477,7831.5,7809.5
1169,4,2024-04-26,7828.0,7929.5,776863,7940.0,7810.0
1170,4,2024-04-27,7931.0,8002.5,655090,8018.5,7931.0
1171,4,2024-04-29,8018.0,8152.0,601155,8161.5,8016.0
1172,4,2024-04-30,8152.5,8085.5,435472,8175.0,8080.0
1173,4,2024-05-02,8096.5,8104.5,565657,8125.0,8037.0
1174,4,2024-05-03,8098.5,8075.5,570748,8100.0,8010.0
1175,4,2024-05-06,8075.0,8026.5,2575025,8089.0,7901.0
1176,4,2024-05-07,7594.0,7722.5,2435049,7763.5,7574.0
1177,4,2024-05-08,7754.5,7714.0,684609,7772.0,7691.0
1178,4,2024-05-10,7720.0,7713.5,218336,7726.0,7710.0
1179,4,2024-05-13,7730.0,7689.0,505076,7732.0,7676.0
1180,4,2024-05-14,7690.0,7672.0,497046,7710.0,7670.0
1181,4,2024-05-15,7677.0,7655.5,451308,7692.0,7640.0
1182,4,2024-05-16,7655.5,7715.0,518430,7724.5,7633.0
1183,4,2024-05-17,7730.0,7854.5,1011059,7871.5,7729.0
1184,4,2024-05-20,7897.0,7834.5,864245,7938.0,7752.0
1185,4,2024-05-21,7835.0,7848.0,735946,7900.0,7788.0
1186,4,2024-05-22,7849.5,7820.0,439080,7879.0,7805.0
1187,4,2024-05-23,7820.0,7841.5,498714,7861.0,7777.5
1188,4,2024-05-24,7840.5,7720.0,854290,7858.5,7701.0
1189,4,2024-05-27,7719.5,7541.5,1142239,7750.0,7479.0
1190,4,2024-05-28,7553.0,7590.0,870710,7700.0,7431.0
1191,4,2024-05-29,7600.0,7684.0,402549,7689.0,7582.5
1192,4,2024-05-30,7698.0,7567.0,538412,7722.5,7551.0
1193,4,2024-05-31,7567.0,7355.5,1155650,7607.0,7301.0
1194,4,2024-06-03,7392.0,7252.0,1669856,7479.5,7161.0
1195,4,2024-06-04,7249.0,7426.0,1046272,7454.5,7185.0
1196,4,2024-06-05,7439.0,7412.5,754429,7544.0,7377.0
1197,4,2024-06-06,7430.0,7398.0,406546,7478.5,7351.0
1198,4,2024-06-07,7401.0,7489.0,1063345,7599.0,7401.0
1199,4,2024-06-10,7520.0,7315.0,785549,7523.5,7261.0
1200,4,2024-06-11,7315.0,7290.0,698787,7370.0,7235.0
1201,4,2024-06-13,7050.0,7178.5,1277680,7276.0,6923.0
1202,4,2024-06-14,7198.0,7368.0,735998,7403.5,7181.5
1203,4,2024-06-17,7375.0,7203.0,611618,7390.5,7202.0
1204,4,2024-06-18,7203.0,7036.0,1018445,7234.0,6993.5
1205,4,2024-06-19,7045.0,6885.0,1393012,7107.5,6806.0
1206,4,2024-06-20,6885.5,7112.5,4612673,7171.0,6633.5
1207,4,2024-06-21,7124.0,7084.0,899558,7191.5,7024.0
1208,4,2024-06-24,7070.0,7051.5,713882,7125.0,7032.5
1209,4,2024-06-25,7077.0,7204.0,738989,7246.5,7002.0
1210,4,2024-06-26,7229.5,7275.0,741739,7313.0,7194.5
1211,4,2024-06-27,7280.0,7227.0,667991,7293.0,7161.0
1212,4,2024-06-28,7226.5,7211.0,403655,7271.5,7172.0
1213,4,2024-07-01,7200.5,7326.0,508703,7330.0,7190.0
1214,4,2024-07-02,7346.0,7309.5,613544,7358.0,7285.0
1215,4,2024-07-03,7320.0,7230.5,436086,7321.0,7220.0
1216,4,2024-07-04,7222.0,7109.5,757640,7260.0,7080.0
1217,4,2024-07-05,7109.5,7201.0,1424892,7255.0,7035.0
1218,4,2024-07-08,7230.0,7097.0,685099,7255.0,7080.5
1219,4,2024-07-09,7100.0,6941.0,911953,7121.5,6930.0
1220,4,2024-07-10,6940.0,6689.0,1698272,6978.0,6681.0
1221,4,2024-07-11,6689.5,6969.5,1320713,6995.5,6681.0
1222,4,2024-07-12,6997.0,6908.0,779534,7046.0,6830.5
1223,4,2024-07-15,6924.0,6827.0,783115,6925.0,6771.0
1224,4,2024-07-16,6820.0,6881.0,952553,6898.5,6727.5
1225,4,2024-07-17,6881.0,6814.0,578382,6905.0,6788.0
1226,4,2024-07-18,6813.5,6931.5,554360,6950.0,6760.0
1227,4,2024-07-19,6930.5,6913.0,616236,6991.5,6871.5
1228,4,2024-07-22,6963.0,7008.0,749045,7025.0,6934.5
1229,4,2024-07-23,7008.5,6973.0,493630,7023.0,6950.0
1230,4,2024-07-24,6961.0,6939.5,737494,7025.0,6933.0
1231,4,2024-07-25,6939.5,6902.5,433637,6965.0,6884.5
1232,4,2024-07-26,6905.0,6890.0,1505430,6984.0,6859.5
1233,4,2024-07-29,6891.0,6727.5,1646706,6892.5,6706.5
1234,4,2024-07-30,6727.0,6805.5,1187235,6830.0,6705.0
1235,4,2024-07-31,6820.0,6759.5,887783,6830.0,6731.0
1236,4,2024-08-01,6759.0,6687.0,809491,6770.0,6678.0
1237,4,2024-08-02,6679.5,6591.0,804496,6715.0,6577.0
1238,4,2024-08-05,6498.0,6417.5,2088915,6543.5,6336.5
1239,4,2024-08-06,6480.0,6447.0,861008,6498.0,6356.0
1240,4,2024-08-07,6450.0,6505.0,1237949,6548.5,6357.5
1241,4,2024-08-08,6515.5,6410.5,935807,6551.5,6403.0
1242,4,2024-08-09,6420.0,6408.5,587504,6489.5,6385.0
1243,4,2024-08-12,6404.0,6448.5,981979,6462.0,6311.0
1244,4,2024-08-13,6460.5,6444.5,806252,6469.5,6410.5
1245,4,2024-08-14,6449.0,6385.0,1231282,6539.0,6371.5
1246,4,2024-08-15,6398.0,6347.0,691372,6418.0,6334.0
1247,4,2024-08-16,6355.0,6239.5,888102,6360.0,6226.5
1248,4,2024-08-19,6255.0,6138.5,1232327,6284.0,6103.5
1249,4,2024-08-20,6140.0,6147.5,1504834,6248.0,6050.0
1250,4,2024-08-21,6155.0,6309.5,1957283,6325.0,6107.0
1251,4,2024-08-22,6314.0,6419.0,3933131,6538.5,6278.0
1252,4,2024-08-23,6420.0,6428.0,1503388,6472.0,6320.0
1253,4,2024-08-26,6591.0,6645.0,1900761,6677.0,6506.0
1254,4,2024-08-27,6645.0,6526.5,1121065,6680.0,6458.0
1255,4,2024-08-28,6522.0,6389.0,1520944,6522.5,6302.5
1256,4,2024-08-29,6401.0,6324.0,1585477,6411.0,6250.5
1257,4,2024-08-30,6330.0,6145.0,1548065,6334.0,6118.0
1258,4,2024-09-02,6135.0,6115.0,2109620,6205.0,6040.5
1259,4,2024-09-03,6150.5,6184.0,2089894,6246.5,6069.0
1260,4,2024-09-04,6189.0,6265.0,1373273,6297.0,6171.0
1261,4,2024-09-05,6281.0,6272.0,1047129,6360.0,6235.0
1262,4,2024-09-06,6287.0,6332.0,883982,6357.0,6232.0
1263,4,2024-09-09,6348.0,6520.0,1134535,6525.5,6348.0
1264,4,2024-09-10,6536.0,6435.0,1047003,6548.5,6376.0
1265,4,2024-09-11,6448.0,6413.5,964773,6500.0,6402.0
1266,4,2024-09-12,6420.0,6448.0,1056700,6448.0,6370.5
1267,4,2024-09-13,6453.5,6624.5,1568669,6625.0,6304.0
1268,4,2024-09-16,6650.0,6820.5,1604887,6824.5,6581.5
1269,4,2024-09-17,6847.0,6803.0,1064602,6860.0,6742.0
1270,4,2024-09-18,6803.0,6745.5,827432,6831.0,6730.5
1271,4,2024-09-19,6750.0,6811.0,1111079,6830.0,6718.0
1272,4,2024-09-20,6815.5,6897.5,753711,6898.0,6812.5
1273,4,2024-09-23,6900.0,6982.5,888222,7000.0,6899.0
1274,4,2024-09-24,6985.0,6954.5,1013610,7050.5,6865.5
1275,4,2024-09-25,6954.5,6867.0,824516,6990.0,6860.0
1276,4,2024-09-26,6849.0,6890.0,859841,6890.0,6770.0
1277,4,2024-09-27,6908.0,6914.5,550853,6946.0,6831.5
1278,4,2024-09-30,6948.5,6874.0,709120,6972.5,6852.0
1279,4,2024-10-01,6875.0,6969.0,1399542,6995.5,6773.5
1280,4,2024-10-02,6969.0,6816.5,1025658,6980.0,6781.5
1281,4,2024-10-03,6820.0,6956.0,1063795,6957.0,6780.5
1282,4,2024-10-04,6960.0,7009.0,1210876,7076.5,6925.5
1283,4,2024-10-07,7025.0,7055.0,963664,7066.0,6956.0
1284,4,2024-10-08,7043.0,6973.5,749417,7055.0,6960.5
1285,4,2024-10-09,6973.5,6883.5,968062,6991.0,6861.0
1286,4,2024-10-10,6892.0,6857.0,1238377,6904.5,6845.0
1287,4,2024-10-11,6858.0,6837.0,1511100,6882.5,6792.0
1288,4,2024-10-14,6824.0,6931.5,1482262,6947.5,6785.0
1289,4,2024-10-15,6911.0,6991.0,824416,7019.0,6878.5
1290,4,2024-10-16,6997.0,6980.0,808905,7055.0,6928.5
1291,4,2024-10-17,6982.0,6931.5,635784,7009.0,6924.0
1292,4,2024-10-18,6915.5,6963.0,973265,6995.5,6906.0
1293,4,2024-10-21,6979.5,7020.0,769308,7047.0,6963.0
1294,4,2024-10-22,7008.5,6950.0,738603,7024.0,6945.0
1295,4,2024-10-23,6945.0,6920.0,749290,7016.5,6910.0
1296,4,2024-10-24,6920.0,6958.5,589487,6986.0,6890.0
1297,4,2024-10-25,6970.0,6750.5,2637080,7080.0,6721.5
1298,4,2024-10-28,6695.0,6733.5,2429892,6785.0,6580.0
1299,4,2024-10-29,6749.0,6837.0,1160800,6866.0,6708.0
1300,4,2024-10-30,6855.0,6792.0,908779,6894.0,6773.5
1301,4,2024-10-31,6792.0,6794.5,797571,6869.0,6747.0
1302,4,2024-11-01,6805.5,6844.5,888732,6850.0,6720.5
1303,4,2024-11-02,6839.0,6842.0,381130,6865.0,6810.0
1304,4,2024-11-05,6867.0,6873.0,512809,6920.0,6821.0
1305,4,2024-11-06,6999.5,6996.5,1325613,7098.5,6933.5
1306,4,2024-11-07,6994.0,7132.0,671029,7139.0,6950.0
1307,4,2024-11-08,7150.0,7172.0,958430,7192.0,7061.0
1308,4,2024-11-11,7205.5,7022.5,1556463,7235.0,6995.0
1309,4,2024-11-12,7025.0,6990.0,691473,7071.5,6967.0
1310,4,2024-11-13,6990.0,6925.0,739997,7048.0,6918.0
1311,4,2024-11-14,6924.5,6932.5,872290,7013.5,6900.0
1312,4,2024-11-15,6932.5,7021.0,505412,7037.0,6911.0
1313,4,2024-11-18,6957.0,6955.5,625828,7008.0,6874.0
1314,4,2024-11-19,6958.0,6842.0,866383,6991.5,6810.0
1315,4,2024-11-20,6851.0,6798.5,858069,6952.5,6776.0
1316,4,2024-11-21,6810.0,6938.5,1045777,6949.0,6768.0
1317,4,2024-11-22,6941.0,6940.0,598338,6998.0,6868.0
1318,4,2024-11-25,6946.0,6886.5,828826,6979.0,6835.5
1319,4,2024-11-26,6870.5,6869.5,986149,6930.0,6820.5
1320,4,2024-11-27,6870.0,6896.5,1480873,6916.5,6770.0
1321,4,2024-11-28,6943.5,6905.5,1242835,6943.5,6818.0
1322,4,2024-11-29,6905.0,6860.5,1298921,6910.0,6832.0
1323,4,2024-12-02,6880.0,6810.0,1385540,6880.0,6799.0
1324,4,2024-12-03,6812.0,6771.0,839251,6823.0,6713.5
1325,4,2024-12-04,6784.5,6720.5,956078,6812.0,6714.0
1326,4,2024-12-05,6725.5,6841.0,975760,6861.0,6676.5
1327,4,2024-12-06,6860.0,6860.0,641205,6913.5,6800.0
1328,4,2024-12-09,6877.0,6973.0,715056,6997.0,6844.0
1329,4,2024-12-10,6995.5,6894.0,693187,6995.5,6880.0
1330,4,2024-12-11,6894.0,6895.5,699084,6914.0,6821.0
1331,4,2024-12-12,6898.0,6862.5,686966,6959.5,6862.0
1332,4,2024-12-13,6868.5,6800.0,652618,6884.5,6750.0
1333,4,2024-12-16,6770.0,6779.5,1120955,6787.5,6685.5
1334,4,2024-12-17,6330.0,6290.5,1466988,6398.0,6256.0
1335,4,2024-12-18,6297.0,6375.0,729988,6395.0,6238.0
1336,4,2024-12-19,6379.5,6294.0,1864781,6492.0,6263.0
1337,4,2024-12-20,6294.0,6725.0,2156227,6804.0,6280.0
1338,4,2024-12-23,6787.0,6919.0,1041273,6980.0,6761.0
1339,4,2024-12-24,6919.0,6833.0,724126,6960.5,6825.0
1340,4,2024-12-25,6830.0,6987.5,1053928,7006.5,6787.5
1341,4,2024-12-26,6988.0,7003.0,883163,7096.5,6988.0
1342,4,2024-12-27,7019.0,6990.5,572201,7038.0,6921.5
1343,4,2024-12-28,6990.5,6998.0,454148,7012.0,6955.5
1344,4,2024-12-30,7011.0,7235.0,774886,7260.0,7003.0
1345,4,2025-01-03,7255.0,7122.0,262096,7260.0,7101.0
1346,4,2025-01-06,7114.5,7088.0,221706,7160.0,7070.0
1347,4,2025-01-08,7090.0,7089.0,245014,7124.0,7045.0
1348,4,2025-01-09,7100.0,6947.5,542286,7117.5,6933.0
1349,4,2025-01-10,6972.5,7022.5,1696373,7146.0,6901.5
1350,4,2025-01-13,7110.0,7010.5,700870,7110.0,6979.5
1351,4,2025-01-14,7010.5,7115.5,631568,7129.5,6980.0
1352,4,2025-01-15,7125.0,7178.5,618061,7180.0,7070.0
1353,4,2025-01-16,7190.0,7208.0,563475,7255.0,7170.5
1354,4,2025-01-17,7204.0,7342.0,644153,7345.0,7190.0
1355,4,2025-01-20,7376.0,7194.0,872440,7400.0,7165.0
1356,4,2025-01-21,7240.5,7239.5,410714,7243.0,7141.0
1357,4,2025-01-22,7243.5,7215.0,538641,7287.5,7206.0
1358,4,2025-01-23,7220.0,7215.0,457326,7220.0,7140.0
1359,4,2025-01-24,7216.0,7199.5,347307,7226.0,7160.0
1360,4,2025-01-27,7199.0,7065.5,503135,7199.0,7013.0
1361,4,2025-01-28,7065.5,7160.0,459802,7176.0,7040.0
1362,4,2025-01-29,7157.0,7192.0,546981,7236.5,7117.5
1363,4,2025-01-30,7185.0,7166.0,384311,7214.5,7152.5
1364,4,2025-01-31,7161.0,7171.0,541516,7202.0,7141.0
1365,4,2025-02-03,7160.0,7170.0,429275,7206.0,7104.5
1366,4,2025-02-04,7170.0,7093.5,421017,7187.5,7066.0
1367,4,2025-02-05,7080.5,7171.0,370359,7184.5,7080.5
1368,4,2025-02-06,7181.0,7141.0,560984,7215.0,7140.0
1369,4,2025-02-07,7150.0,7148.0,326119,7180.0,7120.0
1370,4,2025-02-10,7175.0,7147.5,572659,7230.0,7130.0
1371,4,2025-02-11,7147.5,7271.0,610101,7289.5,7147.5
1372,4,2025-02-12,7275.0,7676.0,1531462,7685.0,7217.0
1373,4,2025-02-13,7680.0,7534.0,2625855,7981.5,7390.0
1374,4,2025-02-14,7444.5,7492.5,1544608,7734.0,7285.0
1375,4,2025-02-17,7575.0,7784.5,1041127,7819.0,7550.0
1376,4,2025-02-18,7799.5,7644.5,1060072,7835.0,7589.0
1377,4,2025-02-19,7647.0,7714.5,594657,7760.0,7590.0
1378,4,2025-02-20,7737.0,7720.0,439558,7780.0,7684.5
1379,4,2025-02-21,7721.0,7709.5,648005,7790.0,7636.5
1380,4,2025-02-24,7710.0,7737.5,588691,7744.5,7650.0
1381,4,2025-02-25,7737.5,7729.0,745085,7805.0,7690.0
1382,4,2025-02-26,7729.0,7555.0,902492,7764.5,7511.0
1383,4,2025-02-27,7570.0,7497.0,674650,7630.0,7466.5
1384,4,2025-02-28,7497.0,7546.5,793380,7559.5,7390.0
1385,4,2025-03-03,7559.5,7341.5,1118343,7580.0,7266.5
1386,4,2025-03-04,7356.0,7393.0,1375930,7472.0,7245.0
1387,4,2025-03-05,7405.5,7241.0,1054109,7405.5,7230.0
1388,4,2025-03-06,7250.0,7175.0,843624,7284.5,7130.0
1389,4,2025-03-07,7200.0,7225.0,1034167,7305.5,7100.5
1390,4,2025-03-10,7230.0,7185.0,547759,7260.0,7161.5
1391,4,2025-03-11,7185.0,7248.5,537137,7278.5,7156.0
1392,4,2025-03-12,7257.5,7205.0,391736,7259.0,7180.0
1393,4,2025-03-13,7207.0,7130.0,996398,7242.0,7095.0
1394,4,2025-03-14,7120.0,7149.5,573471,7180.0,7081.5
1395,4,2025-03-17,7163.0,7222.5,731164,7272.0,7152.0
1396,4,2025-03-18,7223.5,7183.0,940983,7299.0,7157.0
1397,4,2025-03-19,7200.0,7221.0,557196,7278.5,7150.0
1398,4,2025-03-20,7221.5,7293.5,1383149,7316.5,7175.0
1399,4,2025-03-21,7300.0,7346.5,1047881,7398.0,7299.0
1400,4,2025-03-24,7350.0,7291.0,995514,7385.5,7250.5
1401,4,2025-03-25,7291.0,7265.0,1028467,7330.0,7184.0
1402,4,2025-03-26,7275.5,7185.0,533574,7309.0,7180.0
1403,4,2025-03-27,7200.0,7108.5,584404,7200.0,7097.0
1404,4,2025-03-28,7108.0,7064.5,739006,7129.5,7048.0
1405,4,2025-03-31,7065.0,7026.5,1216507,7114.5,6800.0
1406,4,2025-04-01,7038.5,6905.0,871014,7104.0,6887.5
1407,4,2025-04-02,6892.0,6978.0,719619,6989.0,6851.0
1408,4,2025-04-03,6977.0,6802.0,1018617,7030.0,6700.0
1409,4,2025-04-04,6818.0,6445.5,1870665,6824.5,6445.5
1410,4,2025-04-07,6430.0,6349.5,2916075,6596.0,6275.5
1411,4,2025-04-08,6399.5,6283.5,1109619,6478.0,6278.0
1412,4,2025-04-09,6270.0,6507.0,2014898,6550.0,6110.0
1413,4,2025-04-10,6520.0,6375.5,1062122,6530.0,6305.0
1414,4,2025-04-11,6375.5,6508.0,811795,6533.0,6374.5
1415,4,2025-04-14,6522.0,6474.0,703350,6599.0,6427.5
1416,4,2025-04-15,6475.0,6466.0,324288,6520.0,6410.0
1417,4,2025-04-16,6467.0,6515.0,456729,6550.0,6410.0
1418,4,2025-04-17,6530.0,6719.0,803595,6720.0,6517.0
1419,4,2025-04-18,6676.0,6629.5,745494,6699.5,6500.0
1420,4,2025-04-21,6675.5,6732.5,521145,6765.0,6631.5
1421,4,2025-04-22,6743.0,6764.0,742046,6825.0,6672.0
1422,4,2025-04-23,6777.0,6743.0,617549,6789.0,6678.0
1423,4,2025-04-24,6746.0,6683.5,444399,6800.0,6680.0
1424,4,2025-04-25,6693.5,6856.5,685458,6875.0,6693.0
1425,4,2025-04-28,6878.0,6827.0,776244,6963.0,6805.0
1426,4,2025-04-29,6827.0,6725.0,419378,6868.0,6700.0
1427,4,2025-04-30,6725.0,6684.0,686926,6763.0,6595.0
1428,4,2025-05-02,6685.0,6504.0,389091,6703.5,6485.0
1429,4,2025-05-05,6504.0,6335.5,982184,6574.5,6285.0
1430,4,2025-05-06,6338.5,6373.5,698328,6462.5,6292.5
1431,4,2025-05-07,6380.5,6458.5,641411,6497.0,6340.0
1432,4,2025-05-08,6455.0,6535.0,285275,6536.0,6451.0
1433,4,2025-05-12,6563.0,6775.0,870633,6800.0,6560.0
1434,4,2025-05-13,6774.0,6773.0,386161,6790.0,6704.0
1435,4,2025-05-14,6785.0,6699.5,419199,6840.0,6660.0
1436,4,2025-05-15,6680.0,6612.0,700940,6732.5,6540.5
1437,4,2025-05-16,6611.5,6605.0,735470,6689.0,6491.0
1438,4,2025-05-19,6620.0,6636.5,708464,6740.0,6611.5
1439,4,2025-05-20,6649.5,6584.0,332451,6667.5,6561.5
1440,4,2025-05-21,6594.0,6604.5,375152,6670.0,6575.0
1441,4,2025-05-22,6608.0,6528.0,701004,6617.0,6470.0
1442,4,2025-05-23,6482.0,6550.0,333906,6561.5,6482.0
1443,4,2025-05-26,6557.5,6440.0,624919,6569.0,6400.0
1444,4,2025-05-27,6438.0,6486.0,469003,6498.0,6371.5
1445,4,2025-05-28,6486.0,6686.0,742303,6687.0,6444.0
1446,4,2025-05-29,6695.5,6680.5,858764,6815.0,6650.0
1447,4,2025-05-30,6680.5,6749.0,755821,6764.0,6651.0
1448,5,2024-01-03,16164.0,16356.0,34733,16370.0,16140.0
1449,5,2024-01-04,16360.0,16296.0,28257,16394.0,16274.0
1450,5,2024-01-05,16302.0,16280.0,21158,16330.0,16218.0
1451,5,2024-01-08,16350.0,16426.0,45032,16550.0,16260.0
1452,5,2024-01-09,16450.0,16384.0,49999,16502.0,16322.0
1453,5,2024-01-10,16400.0,16376.0,57351,16456.0,16352.0
1454,5,2024-01-11,16412.0,16276.0,160309,16424.0,16072.0
1455,5,2024-01-12,16296.0,16234.0,60738,16312.0,16170.0
1456,5,2024-01-15,16234.0,16226.0,76288,16350.0,16174.0
1457,5,2024-01-16,16224.0,16192.0,55230,16270.0,16136.0
1458,5,2024-01-17,16190.0,16202.0,85474,16300.0,16140.0
1459,5,2024-01-18,16214.0,16156.0,40011,16240.0,16142.0
1460,5,2024-01-19,16156.0,16052.0,53610,16174.0,16050.0
1461,5,2024-01-22,16082.0,16076.0,52747,16130.0,16016.0
1462,5,2024-01-23,16076.0,16078.0,57947,16198.0,16044.0
1463,5,2024-01-24,16082.0,16002.0,105594,16174.0,15838.0
1464,5,2024-01-25,16002.0,15986.0,75807,16048.0,15902.0
1465,5,2024-01-26,15986.0,16056.0,58514,16080.0,15964.0
1466,5,2024-01-29,16090.0,16026.0,78220,16140.0,15996.0
1467,5,2024-01-30,16026.0,16036.0,101223,16110.0,15920.0
1468,5,2024-01-31,16082.0,15946.0,78085,16082.0,15940.0
1469,5,2024-02-01,15946.0,15992.0,74228,16020.0,15910.0
1470,5,2024-02-02,15992.0,15950.0,56293,15992.0,15920.0
1471,5,2024-02-05,15950.0,15950.0,55016,15970.0,15916.0
1472,5,2024-02-06,15956.0,15944.0,64979,16048.0,15912.0
1473,5,2024-02-07,15940.0,15960.0,86017,16042.0,15938.0
1474,5,2024-02-08,15960.0,15742.0,109476,15974.0,15730.0
1475,5,2024-02-09,15742.0,15728.0,170301,15810.0,15570.0
1476,5,2024-02-12,15730.0,15546.0,147206,15772.0,15422.0
1477,5,2024-02-13,15550.0,15380.0,102963,15596.0,15366.0
1478,5,2024-02-14,15412.0,15186.0,153647,15468.0,15124.0
1479,5,2024-02-15,15218.0,15172.0,164082,15232.0,15006.0
1480,5,2024-02-16,15190.0,15036.0,152081,15292.0,15010.0
1481,5,2024-02-19,15040.0,14924.0,125779,15086.0,14846.0
1482,5,2024-02-20,14924.0,14480.0,255581,14958.0,14428.0
1483,5,2024-02-21,14480.0,14438.0,177810,14576.0,14328.0
1484,5,2024-02-22,14494.0,14372.0,109236,14556.0,14330.0
1485,5,2024-02-26,14520.0,14744.0,111504,14746.0,14466.0
1486,5,2024-02-27,14740.0,14514.0,95955,14740.0,14480.0
1487,5,2024-02-28,14544.0,14602.0,87519,14634.0,14482.0
1488,5,2024-02-29,14644.0,14568.0,83187,14722.0,14554.0
1489,5,2024-03-01,14600.0,14602.0,67207,14620.0,14486.0
1490,5,2024-03-04,14610.0,15008.0,189422,15016.0,14610.0
1491,5,2024-03-05,15006.0,14946.0,109695,15006.0,14832.0
1492,5,2024-03-06,14954.0,15084.0,155469,15134.0,14864.0
1493,5,2024-03-07,15090.0,15098.0,88331,15182.0,15026.0
1494,5,2024-03-11,15146.0,15028.0,139984,15228.0,14974.0
1495,5,2024-03-12,15020.0,15028.0,83587,15078.0,14860.0
1496,5,2024-03-13,15068.0,14998.0,87604,15168.0,14950.0
1497,5,2024-03-14,15000.0,15018.0,108426,15150.0,14902.0
1498,5,2024-03-15,15020.0,15070.0,59683,15120.0,14986.0
1499,5,2024-03-18,15106.0,14964.0,97411,15150.0,14950.0
1500,5,2024-03-19,14960.0,14776.0,143613,15000.0,14708.0
1501,5,2024-03-20,14776.0,14804.0,136510,14884.0,14516.0
1502,5,2024-03-21,14842.0,14930.0,156630,15052.0,14684.0
1503,5,2024-03-22,14930.0,14798.0,152192,14998.0,14762.0
1504,5,2024-03-25,14800.0,15138.0,159192,15270.0,14688.0
1505,5,2024-03-26,15156.0,15136.0,121607,15314.0,15016.0
1506,5,2024-03-27,15164.0,15300.0,98836,15322.0,15124.0
1507,5,2024-03-28,15330.0,15208.0,75421,15358.0,15120.0
1508,5,2024-03-29,15250.0,15110.0,69301,15250.0,15100.0
1509,5,2024-04-01,15120.0,15054.0,61520,15208.0,15048.0
1510,5,2024-04-02,,,0,,
1511,5,2024-04-03,,,0,,
1512,5,2024-04-04,,,0,,
1513,5,2024-04-05,,,0,,
1514,5,2024-04-08,152.5,152.96,22218400,156.38,152.12
1515,5,2024-04-09,152.62,164.0,57201890,164.0,152.54
1516,5,2024-04-10,164.0,163.3,35830020,165.8,161.1
1517,5,2024-04-11,163.56,161.48,14837680,164.6,160.3
1518,5,2024-04-12,162.0,164.8,34549580,167.48,161.64
1519,5,2024-04-15,164.8,162.34,24510040,164.98,160.42
1520,5,2024-04-16,162.04,158.92,19759020,162.3,158.24
1521,5,2024-04-17,158.4,159.42,8986270,160.38,158.4
1522,5,2024-04-18,159.42,158.62,5677860,160.76,157.44
1523,5,2024-04-19,158.62,158.66,7120120,160.4,158.4
1524,5,2024-04-22,158.4,159.3,9169860,160.88,157.64
1525,5,2024-04-23,159.4,156.58,9062310,159.74,156.4
1526,5,2024-04-24,156.5,155.82,7821080,157.84,155.14
1527,5,2024-04-25,155.5,157.52,5805770,158.0,155.28
1528,5,2024-04-26,157.56,156.54,5167340,157.86,155.0
1529,5,2024-04-27,156.9,156.04,3348480,157.0,155.8
1530,5,2024-04-29,156.22,155.16,4601850,156.9,153.9
1531,5,2024-04-30,155.2,153.9,2887140,155.26,153.12
1532,5,2024-05-02,153.9,154.48,5687970,156.88,153.68
1533,5,2024-05-03,154.34,154.4,5298790,155.38,153.4
1534,5,2024-05-06,154.4,155.8,8655310,156.8,153.1
1535,5,2024-05-07,155.8,154.44,5892320,156.46,153.7
1536,5,2024-05-08,154.44,153.82,4694100,154.7,153.5
1537,5,2024-05-10,153.96,152.78,6042260,154.64,152.46
1538,5,2024-05-13,152.78,152.04,5795720,152.9,151.58
1539,5,2024-05-14,152.06,152.48,6625530,152.66,151.82
1540,5,2024-05-15,152.6,152.68,8989780,152.98,151.04
1541,5,2024-05-16,152.74,152.6,8655950,153.78,152.22
1542,5,2024-05-17,152.9,156.3,27934490,157.3,152.6
1543,5,2024-05-20,157.5,151.88,18596160,159.44,151.52
1544,5,2024-05-21,151.6,148.92,23763240,153.38,148.12
1545,5,2024-05-22,149.0,150.0,17931440,153.0,148.0
1546,5,2024-05-23,149.96,154.06,45476250,155.76,146.7
1547,5,2024-05-24,154.06,153.04,25458600,157.7,151.5
1548,5,2024-05-27,153.04,149.8,14149960,153.88,148.62
1549,5,2024-05-28,149.82,149.62,11347550,152.1,148.82
1550,5,2024-05-29,149.6,152.0,7013290,153.04,149.26
1551,5,2024-05-30,152.3,146.5,10653000,153.0,145.32
1552,5,2024-05-31,146.4,139.98,16224310,147.94,138.14
1553,5,2024-06-03,140.9,138.52,18412190,142.64,133.76
1554,5,2024-06-04,138.54,140.8,14225020,143.02,136.4
1555,5,2024-06-05,141.36,139.24,8079360,141.76,138.1
1556,5,2024-06-06,139.26,141.8,6697570,141.8,138.72
1557,5,2024-06-07,141.84,143.28,10190370,145.36,140.6
1558,5,2024-06-10,143.42,139.14,7008820,143.96,138.12
1559,5,2024-06-11,138.66,138.86,13275380,140.54,136.94
1560,5,2024-06-13,135.48,139.18,9501670,140.18,132.62
1561,5,2024-06-14,139.5,140.3,5618010,141.6,138.3
1562,5,2024-06-17,140.7,138.54,4875850,140.86,138.52
1563,5,2024-06-18,138.62,136.26,7221330,139.6,135.76
1564,5,2024-06-19,135.92,134.0,13025050,136.26,130.6
1565,5,2024-06-20,134.04,136.32,37105090,136.66,130.4
1566,5,2024-06-21,136.6,134.0,9661210,138.88,133.7
1567,5,2024-06-24,134.0,130.24,6876280,134.7,130.2
1568,5,2024-06-25,130.24,131.18,14615210,131.82,128.2
1569,5,2024-06-26,131.54,130.8,7654700,132.42,130.4
1570,5,2024-06-27,130.82,129.32,8164620,131.26,129.0
1571,5,2024-06-28,129.04,129.92,3937260,130.44,129.0
1572,5,2024-07-01,130.0,132.5,10159430,132.66,128.84
1573,5,2024-07-02,132.5,134.38,12622780,135.28,131.3
1574,5,2024-07-03,134.98,132.66,12081330,135.52,132.22
1575,5,2024-07-04,132.98,130.38,8414170,133.54,129.9
1576,5,2024-07-05,130.5,134.34,9428990,134.46,129.6
1577,5,2024-07-08,134.34,132.52,8092480,135.0,132.16
1578,5,2024-07-09,132.52,129.14,7917220,133.08,128.52
1579,5,2024-07-10,129.7,124.3,15489150,129.7,124.02
1580,5,2024-07-11,124.68,126.1,13802910,126.88,124.58
1581,5,2024-07-12,125.74,125.26,14387230,126.46,123.64
1582,5,2024-07-15,125.22,122.76,7308020,125.84,122.24
1583,5,2024-07-16,123.34,126.1,10423730,127.08,122.6
1584,5,2024-07-17,126.6,125.26,8788200,127.44,124.24
1585,5,2024-07-18,125.36,128.3,9013780,129.36,124.42
1586,5,2024-07-19,128.94,128.5,12152820,129.5,127.2
1587,5,2024-07-22,129.0,129.88,6304550,130.46,128.36
1588,5,2024-07-23,130.0,128.08,5417480,130.34,127.62
1589,5,2024-07-24,129.0,130.86,10355280,131.92,127.9
1590,5,2024-07-25,130.46,129.56,4500390,131.1,129.28
1591,5,2024-07-26,129.5,126.46,14251010,131.58,124.76
1592,5,2024-07-29,126.08,125.2,7246500,127.98,124.5
1593,5,2024-07-30,125.26,127.92,8866400,128.0,124.0
1594,5,2024-07-31,128.18,130.16,6106570,130.72,127.0
1595,5,2024-08-01,130.22,128.64,3661320,130.56,128.12
1596,5,2024-08-02,128.6,128.0,3475450,128.86,127.28
1597,5,2024-08-05,126.0,123.92,10357170,126.62,122.92
1598,5,2024-08-06,124.22,124.88,4586030,125.78,124.22
1599,5,2024-08-07,125.28,124.6,10413560,125.88,122.4
1600,5,2024-08-08,124.9,122.88,5874700,125.52,122.64
1601,5,2024-08-09,122.88,123.46,3485140,124.44,122.5
1602,5,2024-08-12,123.0,125.7,6213060,126.08,122.62
1603,5,2024-08-13,125.3,127.82,11204340,129.54,125.1
1604,5,2024-08-14,127.84,125.76,7540300,128.42,125.38
1605,5,2024-08-15,125.72,125.0,3062090,126.2,124.66
1606,5,2024-08-16,125.02,125.88,5138590,127.8,124.22
1607,5,2024-08-19,126.0,126.0,8437770,127.32,124.0
1608,5,2024-08-20,125.96,124.18,5617010,126.2,124.02
1609,5,2024-08-21,124.0,121.44,13780990,124.9,120.56
1610,5,2024-08-22,121.38,118.9,12536220,122.28,117.0
1611,5,2024-08-23,118.74,113.04,32476810,119.06,109.7
1612,5,2024-08-26,114.26,118.44,13888710,118.48,114.24
1613,5,2024-08-27,118.44,112.9,20180700,118.44,111.56
1614,5,2024-08-28,112.82,112.1,16375610,113.34,110.04
1615,5,2024-08-29,112.1,111.34,14500390,113.2,108.7
1616,5,2024-08-30,112.04,108.58,22684910,112.06,104.62
1617,5,2024-09-02,108.0,103.12,18182150,109.86,102.12
1618,5,2024-09-03,103.18,104.02,18487270,107.5,102.24
1619,5,2024-09-04,104.5,106.72,13677770,107.0,103.1
1620,5,2024-09-05,107.24,104.88,12165030,107.28,104.06
1621,5,2024-09-06,104.86,107.04,7663410,107.16,104.5
1622,5,2024-09-09,107.28,108.1,13453150,108.9,105.86
1623,5,2024-09-10,108.5,105.96,8895020,108.88,104.9
1624,5,2024-09-11,105.96,103.6,11498620,106.38,103.06
1625,5,2024-09-12,103.8,101.5,13896150,104.18,100.26
1626,5,2024-09-13,101.28,102.62,20049430,102.88,99.0
1627,5,2024-09-16,102.82,106.44,11682170,106.46,102.76
1628,5,2024-09-17,106.58,106.82,9348380,107.0,104.78
1629,5,2024-09-18,106.76,106.22,13642520,107.96,106.1
1630,5,2024-09-19,106.32,111.2,26038020,111.42,105.72
1631,5,2024-09-20,111.22,109.42,21763930,112.94,109.06
1632,5,2024-09-23,110.3,110.34,15336740,110.76,108.6
1633,5,2024-09-24,111.0,115.22,31469730,116.0,110.06
1634,5,2024-09-25,115.86,114.02,38585390,118.2,112.54
1635,5,2024-09-26,114.0,115.48,24466590,116.82,113.34
1636,5,2024-09-27,115.68,115.4,34610030,116.46,112.68
1637,5,2024-09-30,115.8,113.04,19369170,117.66,113.04
1638,5,2024-10-01,112.76,110.6,30705600,113.96,109.92
1639,5,2024-10-02,110.64,107.84,23646560,111.5,107.62
1640,5,2024-10-03,107.84,106.46,30183310,107.98,105.0
1641,5,2024-10-04,106.8,106.96,11583130,108.0,106.5
1642,5,2024-10-07,107.0,106.22,19627980,107.38,104.62
1643,5,2024-10-08,105.88,106.4,10445690,107.0,104.9
1644,5,2024-10-09,106.36,103.82,19387680,106.82,103.36
1645,5,2024-10-10,103.84,103.48,14764430,104.46,103.16
1646,5,2024-10-11,103.5,101.56,16185450,103.86,101.5
1647,5,2024-10-14,101.56,105.5,34081820,105.74,100.3
1648,5,2024-10-15,105.5,108.5,33499330,108.78,104.5
1649,5,2024-10-16,108.44,106.82,40731890,109.98,105.82
1650,5,2024-10-17,106.7,104.2,26579390,107.24,103.54
1651,5,2024-10-18,104.1,104.26,29980090,105.8,102.74
1652,5,2024-10-21,104.4,106.14,22161340,107.58,104.1
1653,5,2024-10-22,106.4,105.82,25320210,107.9,105.52
1654,5,2024-10-23,105.5,104.16,22799730,107.44,103.68
1655,5,2024-10-24,104.08,105.12,16360910,105.7,103.26
1656,5,2024-10-25,105.2,101.34,28885680,106.28,100.5
1657,5,2024-10-28,100.5,96.1,46073070,101.6,94.22
1658,5,2024-10-29,96.1,99.74,28831080,100.7,95.08
1659,5,2024-10-30,100.0,97.54,19603210,100.42,97.04
1660,5,2024-10-31,97.06,99.0,20639200,99.46,96.76
1661,5,2024-11-01,99.4,99.16,18711470,100.0,97.22
1662,5,2024-11-02,99.0,100.8,7061470,100.88,98.32
1663,5,2024-11-05,100.8,104.2,21128940,105.0,100.28
1664,5,2024-11-06,105.5,105.9,36581760,108.48,105.1
1665,5,2024-11-07,105.78,109.42,38567780,110.48,104.66
1666,5,2024-11-08,109.02,111.58,41605700,112.4,108.08
1667,5,2024-11-11,112.38,112.64,28602310,113.26,110.64
1668,5,2024-11-12,112.38,113.5,27300060,114.84,111.12
1669,5,2024-11-13,113.22,112.98,38609690,115.8,112.7
1670,5,2024-11-14,112.98,111.68,22584130,114.6,110.56
1671,5,2024-11-15,111.52,115.16,19906940,115.5,111.28
1672,5,2024-11-18,112.2,114.46,35026610,115.8,111.7
1673,5,2024-11-19,114.64,111.0,39994590,116.1,109.52
1674,5,2024-11-20,111.2,108.28,29177360,112.0,106.0
1675,5,2024-11-21,108.3,109.32,29964420,109.78,106.6
1676,5,2024-11-22,109.48,108.52,24628480,109.96,106.76
1677,5,2024-11-25,108.5,103.94,22360820,108.8,103.1
1678,5,2024-11-26,103.6,104.08,26895910,106.5,101.86
1679,5,2024-11-27,104.4,110.96,45817670,111.4,102.74
1680,5,2024-11-28,111.42,110.08,33233240,112.24,108.08
1681,5,2024-11-29,110.62,112.96,23186570,114.0,109.68
1682,5,2024-12-02,113.16,114.1,17187230,114.9,112.72
1683,5,2024-12-03,113.96,110.4,22921070,114.34,109.3
1684,5,2024-12-04,110.88,104.2,30705620,110.88,104.1
1685,5,2024-12-05,104.6,108.16,33511420,108.7,102.8
1686,5,2024-12-06,108.16,107.8,24489420,109.84,106.72
1687,5,2024-12-09,108.5,106.86,21160630,109.0,106.38
1688,5,2024-12-10,106.9,103.6,23476000,106.9,103.5
1689,5,2024-12-11,103.6,104.1,23604160,104.84,101.5
1690,5,2024-12-12,104.36,100.3,23815140,104.54,100.1
1691,5,2024-12-13,100.28,99.9,20063730,102.2,99.68
1692,5,2024-12-16,98.2,95.9,32093630,99.1,95.3
1693,5,2024-12-17,96.04,94.98,22758560,96.7,94.8
1694,5,2024-12-18,95.38,95.66,25839530,95.86,93.04
1695,5,2024-12-19,95.9,95.7,45552700,99.16,95.0
1696,5,2024-12-20,95.7,105.08,53274670,105.96,95.7
1697,5,2024-12-23,107.0,105.0,53047870,108.4,104.0
1698,5,2024-12-24,105.0,104.96,37285330,106.9,103.78
1699,5,2024-12-25,104.7,108.0,42665540,108.72,103.54
1700,5,2024-12-26,108.48,109.66,48210720,111.1,106.54
1701,5,2024-12-27,109.92,111.04,21210260,111.66,109.26
1702,5,2024-12-28,111.48,113.8,24511230,114.4,111.1
1703,5,2024-12-30,114.54,115.5,16450590,115.8,114.36
1704,5,2025-01-03,115.7,112.68,10306740,115.8,111.82
1705,5,2025-01-06,112.38,113.42,9577910,113.82,110.66
1706,5,2025-01-08,113.6,114.0,6827610,114.34,112.82
1707,5,2025-01-09,114.0,111.8,18700190,114.82,111.02
1708,5,2025-01-10,111.92,116.26,30019800,116.5,111.02
1709,5,2025-01-13,116.9,118.38,39084140,120.22,116.8
1710,5,2025-01-14,118.42,119.98,24648890,120.82,117.44
1711,5,2025-01-15,119.98,119.46,26289270,121.22,117.16
1712,5,2025-01-16,119.8,119.12,20477000,120.76,118.4
1713,5,2025-01-17,119.4,124.88,36137150,125.0,118.7
1714,5,2025-01-20,126.4,123.4,40312850,128.86,123.2
1715,5,2025-01-21,124.4,124.56,20094130,124.66,121.34
1716,5,2025-01-22,125.0,123.74,24584330,127.28,121.94
1717,5,2025-01-23,123.68,124.96,14828320,125.0,121.58
1718,5,2025-01-24,125.2,124.14,29745030,127.98,123.0
1719,5,2025-01-27,124.7,119.46,23334450,124.98,118.74
1720,5,2025-01-28,119.3,121.2,30176910,121.94,117.12
1721,5,2025-01-29,121.22,121.78,14893220,123.0,120.84
1722,5,2025-01-30,121.78,122.76,13351190,123.24,121.6
1723,5,2025-01-31,122.7,121.18,24647190,124.6,119.54
1724,5,2025-02-03,121.0,118.3,24785600,121.0,117.02
1725,5,2025-02-04,118.3,117.16,17713020,120.0,116.5
1726,5,2025-02-05,117.12,120.4,23750850,121.0,116.02
1727,5,2025-02-06,120.8,121.5,21595940,123.0,120.08
1728,5,2025-02-07,121.86,122.28,21759600,123.62,120.48
1729,5,2025-02-10,122.3,120.82,99953840,127.0,119.0
1730,5,2025-02-11,120.6,121.12,36308370,122.1,119.62
1731,5,2025-02-12,121.2,127.26,61397220,128.0,119.24
1732,5,2025-02-13,127.34,128.1,49133510,129.94,123.5
1733,5,2025-02-14,129.0,131.5,71277920,133.98,125.0
1734,5,2025-02-17,134.0,138.2,57217780,139.0,132.64
1735,5,2025-02-18,138.6,134.6,36446900,138.8,133.2
1736,5,2025-02-19,134.8,138.52,28700070,139.0,132.68
1737,5,2025-02-20,139.06,137.74,25642640,139.68,136.0
1738,5,2025-02-21,138.0,137.18,27906160,140.3,135.14
1739,5,2025-02-24,137.58,146.94,56679800,147.26,135.72
1740,5,2025-02-25,147.2,143.04,111298520,150.14,141.3
1741,5,2025-02-26,145.02,138.02,43200150,145.14,136.54
1742,5,2025-02-27,138.34,134.34,38502380,139.26,134.2
1743,5,2025-02-28,134.36,140.32,47182680,141.0,133.52
1744,5,2025-03-03,140.5,135.92,47388700,140.76,133.04
1745,5,2025-03-04,136.08,140.92,47783880,142.26,136.08
1746,5,2025-03-05,141.16,136.98,34532590,142.0,136.62
1747,5,2025-03-06,137.0,136.46,22005120,138.64,134.14
1748,5,2025-03-07,136.46,135.7,27918390,139.2,133.02
1749,5,2025-03-10,136.4,137.14,27175260,137.5,134.42
1750,5,2025-03-11,137.38,135.72,24234320,138.88,135.06
1751,5,2025-03-12,135.82,134.0,14993010,136.42,133.8
1752,5,2025-03-13,133.8,131.9,51653030,135.5,128.16
1753,5,2025-03-14,132.0,130.54,28175460,132.46,129.0
1754,5,2025-03-17,130.92,134.06,32282030,134.68,130.68
1755,5,2025-03-18,134.46,132.08,42256390,136.4,131.5
1756,5,2025-03-19,132.1,132.04,17796760,133.16,130.22
1757,5,2025-03-20,132.04,131.16,24120920,133.04,129.46
1758,5,2025-03-21,131.0,129.8,18916750,132.34,128.58
1759,5,2025-03-24,129.78,125.88,19710160,129.78,125.32
1760,5,2025-03-25,126.0,129.58,28991740,130.0,123.22
1761,5,2025-03-26,129.7,125.8,22155510,130.52,124.5
1762,5,2025-03-27,126.0,122.98,23942460,126.3,122.5
1763,5,2025-03-28,123.0,121.56,27845450,124.1,120.5
1764,5,2025-03-31,120.7,123.3,27521690,124.5,118.42
1765,5,2025-04-01,123.3,120.8,26638310,125.3,120.12
1766,5,2025-04-02,120.54,120.1,31937130,121.98,117.52
1767,5,2025-04-03,120.2,116.42,34705210,121.8,114.02
1768,5,2025-04-04,118.0,110.9,42757440,118.0,110.5
1769,5,2025-04-07,108.8,111.32,69772660,113.66,102.68
1770,5,2025-04-08,112.0,106.8,29746380,113.98,105.66
1771,5,2025-04-09,106.6,116.08,67859580,117.3,105.52
1772,5,2025-04-10,115.98,114.04,39871620,116.84,112.0
1773,5,2025-04-11,114.14,117.1,22568590,117.5,113.98
1774,5,2025-04-14,117.22,114.5,22582550,118.98,113.18
1775,5,2025-04-15,114.6,112.2,20560130,115.7,111.48
1776,5,2025-04-16,112.0,113.04,24949190,114.58,110.2
1777,5,2025-04-17,113.5,115.56,21862320,116.02,112.3
1778,5,2025-04-18,113.3,111.62,28037380,114.44,110.8
1779,5,2025-04-21,112.9,113.92,15095590,114.96,112.24
1780,5,2025-04-22,114.5,116.7,29501310,118.3,112.64
1781,5,2025-04-23,117.36,114.44,23851670,117.48,112.66
1782,5,2025-04-24,114.2,113.84,15308950,116.28,113.16
1783,5,2025-04-25,114.18,117.7,20210340,117.76,114.06
1784,5,2025-04-28,118.0,117.3,27114300,120.36,116.5
1785,5,2025-04-29,117.5,113.62,15263770,117.54,112.7
1786,5,2025-04-30,113.04,114.38,25856500,115.2,111.34
1787,5,2025-05-02,114.0,109.0,14570650,114.1,108.56
1788,5,2025-05-05,109.0,107.26,18862120,110.04,106.5
1789,5,2025-05-06,107.76,107.7,13387030,109.58,106.56
1790,5,2025-05-07,107.9,108.86,12124810,109.8,107.26
1791,5,2025-05-08,108.98,111.6,11037050,111.88,108.86
1792,5,2025-05-12,111.94,114.48,18429600,114.64,111.2
1793,5,2025-05-13,114.56,112.98,13230140,114.98,112.72
1794,5,2025-05-14,112.82,110.6,13636550,114.72,110.58
1795,5,2025-05-15,111.12,110.52,13478020,111.8,108.98
1796,5,2025-05-16,110.52,110.6,12244100,111.2,107.74
1797,5,2025-05-19,110.6,109.92,15934970,113.0,109.6
1798,5,2025-05-20,110.38,107.82,10917360,110.6,107.04
1799,5,2025-05-21,107.98,105.56,15437630,108.1,105.02
1800,5,2025-05-22,105.56,105.02,19692580,106.3,103.54
1801,5,2025-05-23,105.02,103.68,8905940,105.34,103.1
1802,5,2025-05-26,103.66,100.04,17999910,103.66,99.0
1803,5,2025-05-27,100.04,101.34,15851390,101.9,98.5
1804,5,2025-05-28,101.64,107.2,23651150,107.58,101.34
1805,5,2025-05-29,107.26,104.84,13092710,107.4,104.5
1806,5,2025-05-30,104.5,106.42,14139890,106.96,104.1
1807,6,2024-01-03,595.6,604.0,1945771,604.0,594.75
1808,6,2024-01-04,605.8,601.15,1193768,605.8,600.5
1809,6,2024-01-05,602.6,604.05,1964815,605.55,599.0
1810,6,2024-01-08,605.15,602.3,1806126,606.95,600.5
1811,6,2024-01-09,603.15,600.55,3249471,603.75,597.85
1812,6,2024-01-10,598.1,601.0,5087676,601.95,598.1
1813,6,2024-01-11,574.05,579.6,9771283,582.15,571.0
1814,6,2024-01-12,584.0,584.2,5405470,589.9,580.85
1815,6,2024-01-15,585.0,581.4,2573506,587.9,579.6
1816,6,2024-01-16,582.75,578.4,1580870,582.75,577.15
1817,6,2024-01-17,578.05,574.75,3911748,580.75,569.8
1818,6,2024-01-18,575.8,573.95,2081619,578.15,571.85
1819,6,2024-01-19,573.95,574.95,2645181,577.6,570.6
1820,6,2024-01-22,575.2,577.95,1873302,579.7,575.2
1821,6,2024-01-23,578.95,579.9,1421415,580.5,576.5
1822,6,2024-01-24,580.35,575.75,1844368,582.15,572.1
1823,6,2024-01-25,573.85,574.65,1874962,576.0,572.6
1824,6,2024-01-26,577.0,573.9,1547572,577.65,572.35
1825,6,2024-01-29,574.5,575.75,3555435,580.45,573.0
1826,6,2024-01-30,576.35,573.95,2241184,578.45,572.6
1827,6,2024-01-31,574.3,575.0,3281866,576.5,572.0
1828,6,2024-02-01,575.5,576.5,4626022,582.0,574.0
1829,6,2024-02-02,577.0,583.95,5216251,584.95,574.5
1830,6,2024-02-05,584.05,592.0,5224734,592.95,584.05
1831,6,2024-02-06,593.0,593.55,2085502,593.75,590.5
1832,6,2024-02-07,593.7,589.7,4035754,595.7,588.8
1833,6,2024-02-08,586.05,587.75,3316157,591.4,580.0
1834,6,2024-02-09,587.8,589.75,2553528,592.9,586.6
1835,6,2024-02-12,590.1,588.95,2669101,592.35,585.0
1836,6,2024-02-13,590.0,592.75,2388838,593.45,589.55
1837,6,2024-02-14,593.75,590.05,1938191,594.65,589.65
1838,6,2024-02-15,590.0,589.15,2645626,591.6,587.55
1839,6,2024-02-16,590.05,585.5,4191003,591.0,582.4
1840,6,2024-02-19,585.6,586.25,2552097,589.5,581.55
1841,6,2024-02-20,586.0,572.1,5164767,586.05,570.2
1842,6,2024-02-21,572.1,562.35,6696796,576.75,560.25
1843,6,2024-02-22,564.45,562.35,2744549,565.75,558.5
1844,6,2024-02-26,566.65,575.55,3634380,577.3,566.65
1845,6,2024-02-27,575.5,568.2,3492074,575.55,566.05
1846,6,2024-02-28,566.95,568.5,2564104,570.35,565.25
1847,6,2024-02-29,568.5,578.0,3611798,580.5,567.0
1848,6,2024-03-01,578.05,577.45,2355941,581.6,573.25
1849,6,2024-03-04,578.9,582.5,2064777,583.6,578.55
1850,6,2024-03-05,582.6,585.55,2703486,588.8,579.5
1851,6,2024-03-06,585.7,585.15,1875663,589.95,584.5
1852,6,2024-03-07,585.0,589.45,1431702,589.8,583.1
1853,6,2024-03-11,589.6,588.35,1925221,592.5,587.05
1854,6,2024-03-12,588.6,588.25,1811625,589.0,585.05
1855,6,2024-03-13,586.1,581.45,2723687,588.35,580.7
1856,6,2024-03-14,581.0,584.0,2576036,586.0,577.8
1857,6,2024-03-15,583.0,584.2,1768650,587.15,579.6
1858,6,2024-03-18,584.0,583.1,1290890,586.45,581.55
1859,6,2024-03-19,582.85,565.35,15172575,583.7,556.3
1860,6,2024-03-20,565.35,560.3,15832545,566.55,551.2
1861,6,2024-03-21,561.3,562.8,13589092,575.0,557.25
1862,6,2024-03-22,562.85,554.2,10052432,563.95,551.0
1863,6,2024-03-25,556.7,558.05,8585063,559.85,548.5
1864,6,2024-03-26,559.0,556.1,4720207,559.0,554.15
1865,6,2024-03-27,556.1,555.4,3623708,557.5,551.25
1866,6,2024-03-28,557.0,565.75,8154564,565.8,555.75
1867,6,2024-03-29,567.6,565.75,5575648,569.4,563.5
1868,6,2024-04-01,568.0,568.85,8194319,573.55,566.8
1869,6,2024-04-02,570.0,572.9,4834554,574.5,567.5
1870,6,2024-04-03,573.1,576.9,4829568,579.0,572.0
1871,6,2024-04-04,577.75,578.05,3924251,580.0,575.65
1872,6,2024-04-05,578.85,576.1,3300134,579.65,574.0
1873,6,2024-04-08,576.3,574.5,3298221,579.75,571.55
1874,6,2024-04-09,574.5,568.4,4663495,576.2,565.75
1875,6,2024-04-10,568.5,573.2,2487296,574.5,565.6
1876,6,2024-04-11,573.2,575.25,3772702,579.0,573.2
1877,6,2024-04-12,576.0,576.15,3152068,579.5,575.9
1878,6,2024-04-15,578.95,589.75,7079255,589.85,578.1
1879,6,2024-04-16,590.0,589.1,5290388,592.5,585.7
1880,6,2024-04-17,589.15,584.35,3814643,590.75,581.3
1881,6,2024-04-18,583.85,579.15,3808318,585.85,576.55
1882,6,2024-04-19,582.0,585.35,3507875,588.4,578.05
1883,6,2024-04-22,586.7,583.15,3191089,589.4,581.0
1884,6,2024-04-23,583.85,580.85,3699539,589.0,580.25
1885,6,2024-04-24,582.35,576.3,2968087,583.4,572.0
1886,6,2024-04-25,577.0,579.8,2269626,581.25,573.0
1887,6,2024-04-26,579.95,581.3,2194810,584.9,578.6
1888,6,2024-04-27,581.0,581.2,1382302,584.5,581.0
1889,6,2024-04-29,581.8,583.15,882950,583.95,581.35
1890,6,2024-04-30,583.15,582.0,632716,583.65,581.3
1891,6,2024-05-02,581.4,582.3,2169820,587.0,578.0
1892,6,2024-05-03,582.75,582.3,2302837,586.4,582.0
1893,6,2024-05-06,582.0,579.05,2443510,586.15,578.65
1894,6,2024-05-07,579.15,579.95,1688537,584.35,579.15
1895,6,2024-05-08,580.3,578.5,1292162,582.0,578.2
1896,6,2024-05-10,579.0,579.4,1159220,582.5,578.55
1897,6,2024-05-13,580.25,589.45,4761120,590.0,579.0
1898,6,2024-05-14,590.0,589.8,4215772,594.0,588.3
1899,6,2024-05-15,590.75,599.2,7144102,599.3,589.3
1900,6,2024-05-16,599.5,592.6,4645547,600.0,590.05
1901,6,2024-05-17,592.8,591.95,3460602,596.7,590.5
1902,6,2024-05-20,594.0,591.9,4649647,596.35,580.1
1903,6,2024-05-21,592.0,594.6,4313502,597.5,586.6
1904,6,2024-05-22,593.9,596.85,3748577,597.25,591.75
1905,6,2024-05-23,595.7,593.15,3555763,596.65,590.0
1906,6,2024-05-24,593.6,585.1,3990201,594.45,582.3
1907,6,2024-05-27,585.0,578.25,7407211,588.0,568.4
1908,6,2024-05-28,578.8,573.0,4392068,585.0,567.0
1909,6,2024-05-29,573.95,575.65,2622447,580.0,571.0
1910,6,2024-05-30,577.65,566.4,5592247,581.15,553.95
1911,6,2024-05-31,570.0,556.65,6164219,572.0,555.0
1912,6,2024-06-03,557.0,562.95,7578912,564.7,542.5
1913,6,2024-06-04,563.1,568.95,5282965,571.0,555.55
1914,6,2024-06-05,570.05,562.2,5054761,575.0,559.65
1915,6,2024-06-06,563.9,566.3,2240679,569.8,561.25
1916,6,2024-06-07,567.3,571.65,3339099,575.95,565.3
1917,6,2024-06-10,573.9,563.25,2700282,575.7,560.0
1918,6,2024-06-11,562.7,562.85,1892882,563.5,556.5
1919,6,2024-06-13,530.5,555.5,4384243,560.0,525.0
1920,6,2024-06-14,556.0,565.1,3295509,569.9,552.1
1921,6,2024-06-17,569.85,566.7,2835643,573.4,563.1
1922,6,2024-06-18,566.7,554.45,2782506,567.65,553.4
1923,6,2024-06-19,553.9,536.0,4682057,558.7,532.5
1924,6,2024-06-20,537.0,555.0,7999562,559.0,524.0
1925,6,2024-06-21,556.15,550.05,2974414,562.85,545.45
1926,6,2024-06-24,551.0,547.45,2058463,555.95,544.0
1927,6,2024-06-25,547.45,558.5,2786893,559.0,543.1
1928,6,2024-06-26,559.2,561.2,1996053,562.45,557.0
1929,6,2024-06-27,562.0,559.8,1703291,565.0,556.2
1930,6,2024-06-28,560.2,565.25,1455429,565.65,559.65
1931,6,2024-07-01,566.35,576.9,3039977,578.5,562.0
1932,6,2024-07-02,577.05,573.0,2994694,579.6,571.7
1933,6,2024-07-03,574.8,573.9,2452574,577.5,570.75
1934,6,2024-07-04,574.25,561.35,3119545,575.45,558.7
1935,6,2024-07-05,561.15,555.85,3340492,564.3,554.45
1936,6,2024-07-08,555.85,560.1,5292441,566.05,555.6
1937,6,2024-07-09,536.0,524.6,10551555,540.25,524.6
1938,6,2024-07-10,524.5,502.5,8069242,526.45,500.05
1939,6,2024-07-11,503.0,526.7,4755570,526.9,503.0
1940,6,2024-07-12,528.8,527.4,2746621,531.0,520.1
1941,6,2024-07-15,529.0,508.0,6120047,529.85,501.05
1942,6,2024-07-16,505.0,516.9,5448563,519.1,503.7
1943,6,2024-07-17,517.05,510.45,4007774,518.75,507.25
1944,6,2024-07-18,511.45,517.25,3074149,518.2,508.05
1945,6,2024-07-19,517.35,524.15,2593866,527.8,515.75
1946,6,2024-07-22,527.5,531.85,3730819,535.0,526.05
1947,6,2024-07-23,533.95,530.55,1340983,534.8,526.1
1948,6,2024-07-24,532.0,532.25,2224027,537.65,529.1
1949,6,2024-07-25,532.25,532.45,1537179,535.5,530.05
1950,6,2024-07-26,532.5,521.4,4861293,538.7,518.75
1951,6,2024-07-29,519.95,503.2,3899378,519.95,500.0
1952,6,2024-07-30,501.0,513.95,4486792,514.0,496.2
1953,6,2024-07-31,517.0,515.95,2104428,518.2,510.2
1954,6,2024-08-01,516.0,506.4,2738463,518.0,505.0
1955,6,2024-08-02,507.0,504.8,2297403,510.45,503.0
1956,6,2024-08-05,498.0,493.9,5340313,502.75,490.1
1957,6,2024-08-06,496.6,496.15,2468513,502.0,491.75
1958,6,2024-08-07,496.15,508.45,4174404,512.45,491.3
1959,6,2024-08-08,509.2,503.2,2492871,514.2,501.7
1960,6,2024-08-09,503.2,505.7,1526088,509.5,501.55
1961,6,2024-08-12,505.7,501.7,6388120,505.7,494.5
1962,6,2024-08-13,500.9,502.5,3067178,506.5,499.7
1963,6,2024-08-14,503.0,495.8,3472937,506.3,494.95
1964,6,2024-08-15,496.2,493.75,1741554,498.45,493.15
1965,6,2024-08-16,494.2,489.7,2085237,496.55,488.25
1966,6,2024-08-19,490.35,483.7,3363736,493.5,481.6
1967,6,2024-08-20,483.7,481.5,3380235,488.95,479.5
1968,6,2024-08-21,482.5,480.95,3804916,485.35,478.5
1969,6,2024-08-22,481.1,475.8,3386322,482.5,474.1
1970,6,2024-08-23,475.85,478.75,3774407,479.25,470.6
1971,6,2024-08-26,486.5,489.55,3724028,490.15,481.1
1972,6,2024-08-27,489.85,477.5,2758692,491.45,475.75
1973,6,2024-08-28,477.5,479.05,4857838,479.15,458.5
1974,6,2024-08-29,480.0,482.95,3815305,484.0,473.9
1975,6,2024-08-30,485.95,475.85,6647038,489.2,473.2
1976,6,2024-09-02,473.2,455.05,7183728,474.8,450.25
1977,6,2024-09-03,456.05,468.85,8088081,471.7,452.85
1978,6,2024-09-04,468.0,477.75,5761554,483.55,464.0
1979,6,2024-09-05,480.35,477.15,3723759,486.75,474.75
1980,6,2024-09-06,477.15,479.1,2094811,484.75,475.0
1981,6,2024-09-09,479.9,493.8,3006353,494.2,479.85
1982,6,2024-09-10,494.2,482.35,4009069,496.25,476.2
1983,6,2024-09-11,482.45,477.75,3210223,489.5,475.35
1984,6,2024-09-12,478.55,488.45,3697385,489.85,474.1
1985,6,2024-09-13,488.4,498.0,4976602,498.5,478.0
1986,6,2024-09-16,500.8,516.3,5157625,516.5,498.3
1987,6,2024-09-17,518.75,517.95,3071106,519.5,508.3
1988,6,2024-09-18,517.95,510.25,2683861,519.9,506.15
1989,6,2024-09-19,511.35,512.55,2818902,516.2,507.2
1990,6,2024-09-20,512.5,528.15,6630217,528.25,510.75
1991,6,2024-09-23,528.95,526.1,3975646,532.0,523.45
1992,6,2024-09-24,526.8,522.1,3269949,526.9,517.7
1993,6,2024-09-25,521.5,512.4,3029063,524.95,509.5
1994,6,2024-09-26,510.25,512.7,2869880,515.95,506.0
1995,6,2024-09-27,513.15,511.0,2195917,514.55,507.75
1996,6,2024-09-30,512.45,507.4,3073519,516.2,503.05
1997,6,2024-10-01,506.0,509.75,7113027,512.85,493.5
1998,6,2024-10-02,509.8,499.95,7063610,511.9,494.0
1999,6,2024-10-03,499.9,500.0,7576142,502.7,488.65
2000,6,2024-10-04,502.8,501.9,5675373,509.45,498.55
2001,6,2024-10-07,502.5,503.5,5642987,505.6,493.2
2002,6,2024-10-08,500.0,501.8,3787736,505.0,498.0
2003,6,2024-10-09,503.0,495.85,5222780,503.0,491.4
2004,6,2024-10-10,495.85,497.75,1973851,499.4,493.55
2005,6,2024-10-11,497.9,492.15,2499114,499.0,490.6
2006,6,2024-10-14,492.15,496.0,3828020,501.2,486.75
2007,6,2024-10-15,495.8,498.4,3415321,500.0,492.85
2008,6,2024-10-16,498.4,496.45,3736964,503.9,495.15
2009,6,2024-10-17,496.45,486.95,4405919,497.2,485.55
2010,6,2024-10-18,487.0,487.8,2519947,488.75,482.3
2011,6,2024-10-21,488.2,484.7,2065853,490.0,484.05
2012,6,2024-10-22,484.5,479.0,3133144,485.4,478.45
2013,6,2024-10-23,478.5,469.0,4361513,480.35,467.2
2014,6,2024-10-24,469.55,469.75,4013241,472.1,464.1
2015,6,2024-10-25,469.6,456.1,6547227,470.65,455.5
2016,6,2024-10-28,451.05,434.75,8597298,455.4,433.3
2017,6,2024-10-29,434.75,442.35,7598465,446.55,434.5
2018,6,2024-10-30,443.05,439.05,6095361,449.5,438.1
2019,6,2024-10-31,438.85,434.1,5970615,442.35,429.1
2020,6,2024-11-01,435.0,444.35,9635326,449.2,433.5
2021,6,2024-11-02,444.3,457.0,5094356,457.0,441.9
2022,6,2024-11-05,460.0,460.5,4440023,465.6,457.5
2023,6,2024-11-06,472.0,466.85,7758308,478.75,463.45
2024,6,2024-11-07,467.1,475.5,4021002,475.55,455.95
2025,6,2024-11-08,477.6,481.5,5809000,482.0,470.1
2026,6,2024-11-11,492.05,490.6,11365921,498.8,487.3
2027,6,2024-11-12,489.4,482.05,5376459,493.9,480.85
2028,6,2024-11-13,480.1,480.35,8480117,493.65,475.7
2029,6,2024-11-14,480.3,473.3,4714440,483.45,471.0
2030,6,2024-11-15,472.5,480.1,3984695,480.95,469.5
2031,6,2024-11-18,472.2,471.95,4464374,477.95,468.7
2032,6,2024-11-19,472.7,459.7,6149406,473.9,454.4
2033,6,2024-11-20,461.0,449.25,6285083,462.6,444.4
2034,6,2024-11-21,451.2,458.95,6671902,459.35,443.65
2035,6,2024-11-22,458.95,459.9,5830163,464.75,452.05
2036,6,2024-11-25,459.9,453.65,9310227,466.3,445.8
2037,6,2024-11-26,452.45,450.8,5565023,459.0,445.75
2038,6,2024-11-27,452.05,474.15,13011482,474.6,447.6
2039,6,2024-11-28,476.8,474.85,6577712,486.0,468.05
2040,6,2024-11-29,470.0,478.0,5849494,484.0,469.55
2041,6,2024-12-02,484.0,489.3,5140048,491.0,481.25
2042,6,2024-12-03,489.4,490.5,4694510,493.4,483.25
2043,6,2024-12-04,490.7,473.1,7264602,496.8,470.0
2044,6,2024-12-05,474.0,488.2,6460191,493.25,469.5
2045,6,2024-12-06,489.5,485.3,3377318,492.0,485.0
2046,6,2024-12-09,489.3,491.05,3325975,495.95,486.55
2047,6,2024-12-10,491.8,484.6,3940688,494.9,482.05
2048,6,2024-12-11,483.5,488.75,2592534,490.2,480.4
2049,6,2024-12-12,488.15,485.45,4116354,493.95,484.05
2050,6,2024-12-13,485.5,483.65,6024838,487.45,473.0
2051,6,2024-12-16,483.6,477.4,3671178,483.65,473.1
2052,6,2024-12-17,476.0,480.65,3050790,481.9,475.5
2053,6,2024-12-18,481.5,487.7,3376894,489.9,479.35
2054,6,2024-12-19,489.1,506.15,10766204,507.7,485.7
2055,6,2024-12-20,506.15,559.6,19287888,566.45,501.0
2056,6,2024-12-23,562.0,569.9,13480119,586.4,560.5
2057,6,2024-12-24,570.5,572.7,6280587,582.0,566.65
2058,6,2024-12-25,572.65,581.95,7542112,585.0,565.5
2059,6,2024-12-26,583.8,579.1,5004949,588.95,578.1
2060,6,2024-12-27,579.1,591.0,11625717,598.8,577.35
2061,6,2024-12-28,592.1,596.0,5127048,598.25,591.5
2062,6,2024-12-30,597.0,606.05,6775944,607.95,595.05
2063,6,2025-01-03,611.35,596.1,4927429,611.8,586.25
2064,6,2025-01-06,596.1,588.45,3519714,596.8,586.0
2065,6,2025-01-08,590.25,593.45,2486776,594.75,588.6
2066,6,2025-01-09,592.0,574.8,16402571,597.2,567.2
2067,6,2025-01-10,542.0,562.95,17897134,567.0,538.95
2068,6,2025-01-13,565.15,545.5,14268010,568.95,540.0
2069,6,2025-01-14,542.85,540.35,9856272,546.85,532.65
2070,6,2025-01-15,540.5,547.6,6714627,548.8,534.55
2071,6,2025-01-16,548.7,546.4,6600975,554.0,544.0
2072,6,2025-01-17,545.0,554.9,7212748,558.95,541.65
2073,6,2025-01-20,557.9,537.7,8172986,559.1,535.35
2074,6,2025-01-21,538.05,542.1,4453374,544.3,531.6
2075,6,2025-01-22,542.1,540.0,5792971,551.8,537.5
2076,6,2025-01-23,539.0,539.1,4248693,544.0,535.3
2077,6,2025-01-24,540.2,535.85,3222671,542.35,535.0
2078,6,2025-01-27,535.85,516.35,8997150,538.75,515.0
2079,6,2025-01-28,517.75,534.85,9372223,536.2,510.15
2080,6,2025-01-29,534.85,535.6,4580791,540.9,531.5
2081,6,2025-01-30,537.0,534.85,3487474,537.0,531.0
2082,6,2025-01-31,534.9,526.8,6818036,539.0,523.15
2083,6,2025-02-03,526.9,519.2,4773374,527.7,516.4
2084,6,2025-02-04,520.0,518.95,3127284,525.0,515.35
2085,6,2025-02-05,517.6,522.05,5330193,524.3,512.3
2086,6,2025-02-06,522.65,528.2,6148094,531.7,517.0
2087,6,2025-02-07,527.0,530.25,5026936,536.0,527.0
2088,6,2025-02-10,532.3,533.15,5449754,542.5,528.65
2089,6,2025-02-11,533.8,538.9,4732140,542.0,529.8
2090,6,2025-02-12,541.0,577.85,12770788,583.7,538.2
2091,6,2025-02-13,578.1,573.3,16044421,594.0,556.75
2092,6,2025-02-14,615.0,561.95,12978048,615.0,519.55
2093,6,2025-02-17,569.8,585.2,6257644,585.25,566.1
2094,6,2025-02-18,585.35,574.2,8536830,593.6,566.65
2095,6,2025-02-19,575.2,575.95,4112238,579.0,564.6
2096,6,2025-02-20,576.0,577.95,3118831,584.4,573.15
2097,6,2025-02-21,580.2,572.55,3888171,581.7,567.0
2098,6,2025-02-24,571.0,569.45,9153167,573.7,554.4
2099,6,2025-02-25,569.5,582.8,10120498,585.9,567.05
2100,6,2025-02-26,583.0,569.25,8190461,584.8,562.15
2101,6,2025-02-27,570.0,552.85,7468538,571.95,551.0
2102,6,2025-02-28,552.85,556.05,7058501,562.25,541.0
2103,6,2025-03-03,559.45,539.0,9139063,560.8,535.1
2104,6,2025-03-04,539.55,540.1,13868927,549.5,532.0
2105,6,2025-03-05,541.0,530.5,9937774,541.8,530.0
2106,6,2025-03-06,531.0,529.55,4999234,535.85,528.55
2107,6,2025-03-07,531.4,528.8,7449942,536.95,520.4
2108,6,2025-03-10,528.9,527.3,3690111,534.7,525.6
2109,6,2025-03-11,528.0,527.35,3488708,531.0,523.5
2110,6,2025-03-12,528.0,533.7,4982218,535.05,523.05
2111,6,2025-03-13,533.7,528.15,9494753,537.5,518.4
2112,6,2025-03-14,526.0,530.6,4096429,532.4,523.45
2113,6,2025-03-17,531.25,539.55,7921771,544.0,530.25
2114,6,2025-03-18,540.55,535.45,7141178,543.4,528.1
2115,6,2025-03-19,537.9,535.9,2991314,539.6,530.0
2116,6,2025-03-20,537.25,536.85,6025276,539.5,527.75
2117,6,2025-03-21,537.4,534.6,4223281,541.85,531.9
2118,6,2025-03-24,534.65,521.4,6020239,535.7,520.05
2119,6,2025-03-25,521.45,521.7,6569664,525.35,510.75
2120,6,2025-03-26,522.05,513.75,2494589,523.5,512.6
2121,6,2025-03-27,515.0,502.4,5284511,515.85,501.1
2122,6,2025-03-28,501.0,496.75,6896629,508.9,495.35
2123,6,2025-03-31,497.9,490.5,8503372,498.6,477.75
2124,6,2025-04-01,492.5,474.6,8202585,497.7,473.5
2125,6,2025-04-02,475.15,477.9,9552949,483.0,468.3
2126,6,2025-04-03,478.0,462.8,9140639,481.8,456.65
2127,6,2025-04-04,465.0,441.3,16057207,466.95,441.1
2128,6,2025-04-07,440.45,450.7,25903434,456.35,416.15
2129,6,2025-04-08,455.0,429.0,11196377,458.2,428.05
2130,6,2025-04-09,427.45,446.0,18778908,449.8,416.35
2131,6,2025-04-10,447.6,438.0,8820743,454.0,433.65
2132,6,2025-04-11,438.05,450.9,6652111,453.55,437.05
2133,6,2025-04-14,454.15,449.3,6014295,458.8,445.5
2134,6,2025-04-15,449.5,452.05,2455806,454.0,446.5
2135,6,2025-04-16,451.05,452.25,3469196,459.2,447.5
2136,6,2025-04-17,453.45,478.7,13772614,479.9,453.0
2137,6,2025-04-18,473.65,476.85,8706899,478.0,467.55
2138,6,2025-04-21,479.0,482.0,5487597,485.15,475.25
2139,6,2025-04-22,482.1,482.65,6605359,486.3,476.0
2140,6,2025-04-23,482.65,471.4,6253396,484.0,467.7
2141,6,2025-04-24,471.4,469.9,3196295,474.2,468.0
2142,6,2025-04-25,470.05,480.0,5801910,481.55,470.05
2143,6,2025-04-28,481.75,473.95,6740082,483.95,469.35
2144,6,2025-04-29,474.0,457.95,4365921,476.6,455.3
2145,6,2025-04-30,458.0,454.5,3878044,460.2,449.95
2146,6,2025-05-02,455.95,435.7,2505013,455.95,435.35
2147,6,2025-05-05,438.05,426.7,7405908,443.5,420.05
2148,6,2025-05-06,427.5,430.25,4736149,436.0,422.6
2149,6,2025-05-07,430.0,438.0,3003208,440.85,428.05
2150,6,2025-05-08,438.0,443.9,2742625,449.0,438.0
2151,6,2025-05-12,446.0,456.4,5866818,463.0,443.9
2152,6,2025-05-13,458.0,455.85,2187834,458.6,450.35
2153,6,2025-05-14,455.0,438.8,5035966,456.6,438.35
2154,6,2025-05-15,438.6,442.15,4260507,446.45,435.05
2155,6,2025-05-16,444.0,439.85,3833620,445.5,431.25
2156,6,2025-05-19,439.85,439.0,4097603,448.25,436.9
2157,6,2025-05-20,440.3,432.3,2633709,440.9,429.8
2158,6,2025-05-21,432.75,429.35,2310659,433.8,427.55
2159,6,2025-05-22,429.45,423.85,4667356,430.15,422.15
2160,6,2025-05-23,423.85,420.7,3497999,427.45,418.45
2161,6,2025-05-26,420.7,413.9,4330065,421.45,410.6
2162,6,2025-05-27,413.45,413.65,5414542,418.8,408.35
2163,6,2025-05-28,413.4,428.15,5098701,429.0,413.4
2164,6,2025-05-29,429.0,424.95,6175308,437.45,424.6
2165,6,2025-05-30,424.8,427.15,4528164,432.9,420.4
2166,7,2024-01-03,6600.0,6663.0,20239,6668.0,6595.0
2167,7,2024-01-04,6678.0,6649.0,17541,6702.0,6641.0
2168,7,2024-01-05,6666.0,6665.0,13251,6668.0,6632.0
2169,7,2024-01-08,6680.0,6703.0,14849,6703.0,6671.0
2170,7,2024-01-09,6717.0,6659.0,36412,6740.0,6648.0
2171,7,2024-01-10,6660.0,6688.0,34676,6708.0,6650.0
2172,7,2024-01-11,6699.0,6714.0,49202,6738.0,6666.0
2173,7,2024-01-12,6714.0,6692.0,26097,6724.0,6676.0
2174,7,2024-01-15,6694.0,6761.0,78589,6777.0,6682.0
2175,7,2024-01-16,6763.0,6769.0,59009,6805.0,6718.0
2176,7,2024-01-17,6786.0,6769.0,49401,6800.0,6750.0
2177,7,2024-01-18,6769.0,6820.0,59146,6830.0,6758.0
2178,7,2024-01-19,6820.0,6812.0,93223,6849.0,6724.0
2179,7,2024-01-22,6816.0,6798.0,37948,6831.0,6779.0
2180,7,2024-01-23,6800.0,6818.0,48375,6839.0,6790.0
2181,7,2024-01-24,6828.0,6756.0,37746,6828.0,6729.0
2182,7,2024-01-25,6758.0,6767.0,46112,6798.0,6722.0
2183,7,2024-01-26,6765.0,6768.0,23176,6789.0,6750.0
2184,7,2024-01-29,6768.0,6800.0,45777,6850.0,6754.0
2185,7,2024-01-30,6802.0,6750.0,72430,6818.0,6708.0
2186,7,2024-01-31,6753.0,6765.0,23815,6785.0,6736.0
2187,7,2024-02-01,6772.0,6759.0,17730,6778.0,6751.0
2188,7,2024-02-02,6760.0,6737.0,29919,6768.0,6720.0
2189,7,2024-02-05,6738.0,6774.0,40344,6776.0,6736.0
2190,7,2024-02-06,6775.0,6798.0,30431,6800.0,6767.0
2191,7,2024-02-07,6800.0,6771.0,38016,6800.0,6751.0
2192,7,2024-02-08,6773.0,6766.0,48237,6805.0,6755.0
2193,7,2024-02-09,6770.0,6795.0,38218,6819.0,6764.0
2194,7,2024-02-12,6795.0,6825.0,30819,6830.0,6790.0
2195,7,2024-02-13,6830.0,6944.0,123444,6970.0,6824.0
2196,7,2024-02-14,6964.0,6932.0,88118,7029.0,6884.0
2197,7,2024-02-15,6933.0,6913.0,59651,6942.0,6871.0
2198,7,2024-02-16,6925.0,6851.0,63722,6950.0,6841.0
2199,7,2024-02-19,6851.0,6869.0,37992,6915.0,6845.0
2200,7,2024-02-20,6869.0,6715.0,90390,6906.0,6700.0
2201,7,2024-02-21,6715.0,6668.0,77450,6754.0,6621.0
2202,7,2024-02-22,6669.0,6702.0,24970,6711.0,6660.0
2203,7,2024-02-26,6724.0,6828.0,61474,6874.0,6706.0
2204,7,2024-02-27,6827.0,6745.0,39022,6831.0,6714.0
2205,7,2024-02-28,6745.0,6717.0,30606,6776.0,6692.0
2206,7,2024-02-29,6718.0,6755.0,61365,6764.0,6677.0
2207,7,2024-03-01,6755.0,6792.0,39298,6810.0,6731.0
2208,7,2024-03-04,6792.0,6757.0,65461,6830.0,6719.0
2209,7,2024-03-05,6750.0,6811.0,46098,6820.0,6719.0
2210,7,2024-03-06,6820.0,6779.0,43315,6825.0,6760.0
2211,7,2024-03-07,6762.0,6791.0,24534,6800.0,6744.0
2212,7,2024-03-11,6802.0,6746.0,54674,6819.0,6731.0
2213,7,2024-03-12,6741.0,6759.0,32344,6794.0,6722.0
2214,7,2024-03-13,6771.0,6760.0,44478,6797.0,6745.0
2215,7,2024-03-14,6777.0,6745.0,59606,6780.0,6708.0
2216,7,2024-03-15,6745.0,6751.0,20350,6780.0,6745.0
2217,7,2024-03-18,6751.0,6693.0,63093,6784.0,6685.0
2218,7,2024-03-19,6694.0,6657.0,56884,6698.0,6630.0
2219,7,2024-03-20,6656.0,6680.0,46876,6697.0,6610.0
2220,7,2024-03-21,6680.0,6682.0,40045,6700.0,6629.0
2221,7,2024-03-22,6680.0,6623.0,46315,6689.0,6605.0
2222,7,2024-03-25,6623.0,6609.0,44914,6665.0,6584.0
2223,7,2024-03-26,6609.0,6628.0,40942,6635.0,6593.0
2224,7,2024-03-27,6640.0,6607.0,25590,6644.0,6600.0
2225,7,2024-03-28,6622.0,6658.0,36862,6672.0,6601.0
2226,7,2024-03-29,6658.0,6625.0,44521,6670.0,6597.0
2227,7,2024-04-01,6631.0,6748.0,70862,6750.0,6631.0
2228,7,2024-04-02,6750.0,6728.0,48325,6760.0,6693.0
2229,7,2024-04-03,6732.0,6746.0,40977,6754.0,6693.0
2230,7,2024-04-04,6746.0,6706.0,37495,6763.0,6701.0
2231,7,2024-04-05,6703.0,6680.0,61392,6729.0,6650.0
2232,7,2024-04-08,6710.0,6736.0,35157,6746.0,6700.0
2233,7,2024-04-09,6736.0,6699.0,31473,6740.0,6670.0
2234,7,2024-04-10,6682.0,6691.0,50941,6740.0,6673.0
2235,7,2024-04-11,6693.0,6741.0,45978,6759.0,6650.0
2236,7,2024-04-12,6741.0,6771.0,53998,6810.0,6738.0
2237,7,2024-04-15,6774.0,6784.0,47975,6815.0,6750.0
2238,7,2024-04-16,6807.0,6730.0,46334,6808.0,6721.0
2239,7,2024-04-17,6752.0,6702.0,39975,6752.0,6688.0
2240,7,2024-04-18,6710.0,6802.0,68545,6810.0,6700.0
2241,7,2024-04-19,6802.0,6754.0,30442,6824.0,6750.0
2242,7,2024-04-22,6757.0,6780.0,38480,6795.0,6748.0
2243,7,2024-04-23,6790.0,6702.0,41922,6790.0,6698.0
2244,7,2024-04-24,6725.0,6680.0,28655,6725.0,6659.0
2245,7,2024-04-25,6680.0,6660.0,36319,6688.0,6603.0
2246,7,2024-04-26,6661.0,6603.0,68102,6710.0,6600.0
2247,7,2024-04-27,6613.0,6610.0,39539,6658.0,6576.0
2248,7,2024-04-29,6630.0,6601.0,23500,6630.0,6583.0
2249,7,2024-04-30,6612.0,6610.0,22204,6654.0,6602.0
2250,7,2024-05-02,6622.0,6633.0,21475,6636.0,6610.0
2251,7,2024-05-03,6609.0,6610.0,15676,6633.0,6602.0
2252,7,2024-05-06,6610.0,6551.0,49004,6618.0,6550.0
2253,7,2024-05-07,6555.0,6540.0,36473,6594.0,6530.0
2254,7,2024-05-08,6560.0,6534.0,27759,6568.0,6530.0
2255,7,2024-05-10,6530.0,6535.0,24917,6597.0,6502.0
2256,7,2024-05-13,6540.0,6511.0,32980,6553.0,6505.0
2257,7,2024-05-14,6505.0,6545.0,30496,6577.0,6505.0
2258,7,2024-05-15,6545.0,6554.0,33456,6572.0,6511.0
2259,7,2024-05-16,6566.0,6543.0,17024,6566.0,6515.0
2260,7,2024-05-17,6544.0,6618.0,56837,6647.0,6519.0
2261,7,2024-05-20,6618.0,6612.0,46418,6650.0,6572.0
2262,7,2024-05-21,6591.0,6503.0,56502,6600.0,6460.0
2263,7,2024-05-22,6504.0,6357.0,109571,6525.0,6333.0
2264,7,2024-05-23,6357.0,6182.0,160419,6357.0,6135.0
2265,7,2024-05-24,6190.0,6266.0,86800,6279.0,6182.0
2266,7,2024-05-27,6289.0,6231.0,67119,6296.0,6200.0
2267,7,2024-05-28,6249.0,6008.0,123766,6356.0,6000.0
2268,7,2024-05-29,5997.0,6077.0,156940,6089.0,5891.0
2269,7,2024-05-30,6077.0,6032.0,86183,6199.0,6001.0
2270,7,2024-05-31,6020.0,5934.0,92543,6053.0,5920.0
2271,7,2024-06-03,5941.0,5910.0,157055,6080.0,5656.0
2272,7,2024-06-04,5930.0,5940.0,57804,6008.0,5788.0
2273,7,2024-06-05,5940.0,5836.0,58004,6022.0,5817.0
2274,7,2024-06-06,5865.0,5854.0,69368,5950.0,5805.0
2275,7,2024-06-07,5853.0,6006.0,77286,6014.0,5833.0
2276,7,2024-06-10,6045.0,5894.0,59106,6086.0,5842.0
2277,7,2024-06-11,5885.0,5724.0,65391,5900.0,5717.0
2278,7,2024-06-13,5449.0,5830.0,81349,5930.0,5449.0
2279,7,2024-06-14,5832.0,5960.0,44712,5977.0,5811.0
2280,7,2024-06-17,5977.0,5846.0,65092,6002.0,5826.0
2281,7,2024-06-18,5847.0,5844.0,54411,5882.0,5750.0
2282,7,2024-06-19,5858.0,5721.0,62835,5858.0,5655.0
2283,7,2024-06-20,5735.0,6094.0,158498,6096.0,5720.0
2284,7,2024-06-21,6099.0,6030.0,94509,6099.0,5940.0
2285,7,2024-06-24,6031.0,5945.0,39619,6083.0,5934.0
2286,7,2024-06-25,5954.0,5940.0,61752,5967.0,5830.0
2287,7,2024-06-26,5950.0,5873.0,56279,5965.0,5842.0
2288,7,2024-06-27,5876.0,5856.0,43072,5909.0,5804.0
2289,7,2024-06-28,5866.0,5869.0,20493,5888.0,5835.0
2290,7,2024-07-01,5871.0,5856.0,32476,5898.0,5830.0
2291,7,2024-07-02,5865.0,5999.0,51338,6000.0,5844.0
2292,7,2024-07-03,6000.0,6012.0,45445,6030.0,5937.0
2293,7,2024-07-04,6015.0,5923.0,67712,6070.0,5869.0
2294,7,2024-07-05,5937.0,5908.0,33272,5985.0,5881.0
2295,7,2024-07-08,5927.0,5998.0,98690,6141.0,5921.0
2296,7,2024-07-09,5981.0,5885.0,86881,6050.0,5839.0
2297,7,2024-07-10,5862.0,5595.0,188259,5897.0,5459.0
2298,7,2024-07-11,5340.0,5657.0,187858,5699.0,5204.0
2299,7,2024-07-12,5625.0,5546.0,69898,5649.0,5481.0
2300,7,2024-07-15,5568.0,5411.0,79846,5573.0,5350.0
2301,7,2024-07-16,5411.0,5580.0,65606,5588.0,5353.0
2302,7,2024-07-17,5580.0,5449.0,100444,5580.0,5404.0
2303,7,2024-07-18,5449.0,5496.0,38389,5520.0,5421.0
2304,7,2024-07-19,5518.0,5546.0,55012,5630.0,5490.0
2305,7,2024-07-22,5572.0,5769.0,88964,5804.0,5559.0
2306,7,2024-07-23,5763.0,5809.0,44861,5890.0,5680.0
2307,7,2024-07-24,5810.0,5758.0,82736,5828.0,5690.0
2308,7,2024-07-25,5758.0,5758.0,29784,5771.0,5700.0
2309,7,2024-07-26,5758.0,5700.0,74927,5799.0,5668.0
2310,7,2024-07-29,5699.0,5526.0,156743,5699.0,5455.0
2311,7,2024-07-30,5570.0,5555.0,75682,5571.0,5472.0
2312,7,2024-07-31,5569.0,5618.0,83171,5620.0,5505.0
2313,7,2024-08-01,5618.0,5580.0,39263,5644.0,5567.0
2314,7,2024-08-02,5577.0,5580.0,41033,5610.0,5524.0
2315,7,2024-08-05,5502.0,5505.0,62218,5559.0,5457.0
2316,7,2024-08-06,5519.0,5442.0,71521,5555.0,5410.0
2317,7,2024-08-07,5451.0,5452.0,61558,5488.0,5370.0
2318,7,2024-08-08,5463.0,5399.0,49837,5479.0,5376.0
2319,7,2024-08-09,5400.0,5416.0,29698,5435.0,5390.0
2320,7,2024-08-12,5417.0,5345.0,65454,5418.0,5313.0
2321,7,2024-08-13,5345.0,5532.0,68463,5533.0,5339.0
2322,7,2024-08-14,5516.0,5416.0,41293,5532.0,5415.0
2323,7,2024-08-15,5416.0,5451.0,35737,5479.0,5393.0
2324,7,2024-08-16,5451.0,5389.0,31631,5465.0,5363.0
2325,7,2024-08-19,5391.0,5344.0,35661,5405.0,5321.0
2326,7,2024-08-20,5351.0,5306.0,68907,5376.0,5293.0
2327,7,2024-08-21,5306.0,5305.0,36255,5336.0,5282.0
2328,7,2024-08-22,5305.0,5225.0,82851,5327.0,5191.0
2329,7,2024-08-23,5230.0,5120.0,105696,5310.0,5058.0
2330,7,2024-08-26,5200.0,5237.0,41812,5265.0,5166.0
2331,7,2024-08-27,5224.0,5200.0,23741,5276.0,5170.0
2332,7,2024-08-28,5200.0,5162.0,37997,5225.0,5100.0
2333,7,2024-08-29,5177.0,5169.0,21845,5188.0,5125.0
2334,7,2024-08-30,5177.0,4997.0,88113,5179.0,4921.0
2335,7,2024-09-02,4945.0,4866.0,103047,4990.0,4796.0
2336,7,2024-09-03,4866.0,4869.0,106769,5084.0,4843.0
2337,7,2024-09-04,4877.0,5039.0,64897,5049.0,4851.0
2338,7,2024-09-05,5070.0,5081.0,80147,5180.0,4966.0
2339,7,2024-09-06,5080.0,5073.0,55186,5181.0,5028.0
2340,7,2024-09-09,5078.0,5249.0,99043,5265.0,5077.0
2341,7,2024-09-10,5249.0,5120.0,62623,5260.0,5076.0
2342,7,2024-09-11,5120.0,4998.0,58217,5145.0,4970.0
2343,7,2024-09-12,5000.0,4934.0,48835,5005.0,4884.0
2344,7,2024-09-13,4931.0,5041.0,50245,5062.0,4842.0
2345,7,2024-09-16,5043.0,5091.0,76307,5134.0,5028.0
2346,7,2024-09-17,5115.0,5276.0,87826,5278.0,5095.0
2347,7,2024-09-18,5287.0,5239.0,79067,5307.0,5150.0
2348,7,2024-09-19,5239.0,5187.0,76357,5250.0,5154.0
2349,7,2024-09-20,5079.0,5140.0,62925,5188.0,5079.0
2350,7,2024-09-23,5150.0,5191.0,48998,5210.0,5130.0
2351,7,2024-09-24,5210.0,5134.0,100067,5233.0,5101.0
2352,7,2024-09-25,5139.0,5248.0,109158,5285.0,5104.0
2353,7,2024-09-26,5248.0,5432.0,122529,5452.0,5228.0
2354,7,2024-09-27,5454.0,5398.0,76732,5467.0,5347.0
2355,7,2024-09-30,5400.0,5349.0,62630,5471.0,5344.0
2356,7,2024-10-01,5349.0,5627.0,345957,5627.0,5330.0
2357,7,2024-10-02,5617.0,5500.0,144040,5617.0,5468.0
2358,7,2024-10-03,5500.0,5474.0,87628,5565.0,5394.0
2359,7,2024-10-04,5481.0,5463.0,68352,5509.0,5431.0
2360,7,2024-10-07,5463.0,5498.0,89130,5521.0,5395.0
2361,7,2024-10-08,5510.0,5420.0,52740,5519.0,5412.0
2362,7,2024-10-09,5429.0,5420.0,27650,5472.0,5401.0
2363,7,2024-10-10,5420.0,5404.0,24026,5460.0,5403.0
2364,7,2024-10-11,5399.0,5324.0,35432,5424.0,5281.0
2365,7,2024-10-14,5324.0,5412.0,59950,5425.0,5225.0
2366,7,2024-10-15,5412.0,5475.0,29197,5500.0,5381.0
2367,7,2024-10-16,5479.0,5457.0,17618,5514.0,5450.0
2368,7,2024-10-17,5450.0,5416.0,20618,5460.0,5398.0
2369,7,2024-10-18,5422.0,5408.0,18954,5428.0,5361.0
2370,7,2024-10-21,5390.0,5435.0,24923,5448.0,5390.0
2371,7,2024-10-22,5428.0,5327.0,21096,5434.0,5306.0
2372,7,2024-10-23,5326.0,5297.0,39002,5369.0,5286.0
2373,7,2024-10-24,5300.0,5299.0,28988,5300.0,5240.0
2374,7,2024-10-25,5315.0,5233.0,48441,5324.0,5184.0
2375,7,2024-10-28,5220.0,5000.0,118789,5224.0,4888.0
2376,7,2024-10-29,5035.0,5023.0,58812,5040.0,4894.0
2377,7,2024-10-30,5029.0,4974.0,48106,5097.0,4962.0
2378,7,2024-10-31,4974.0,4915.0,46000,5000.0,4882.0
2379,7,2024-11-01,4930.0,4973.0,21691,4975.0,4881.0
2380,7,2024-11-02,4980.0,5015.0,11520,5019.0,4980.0
2381,7,2024-11-05,5015.0,5122.0,25233,5125.0,4998.0
2382,7,2024-11-06,5197.0,5209.0,66937,5387.0,5192.0
2383,7,2024-11-07,5209.0,5275.0,108337,5285.0,5119.0
2384,7,2024-11-08,5276.0,5560.0,155649,5560.0,5276.0
2385,7,2024-11-11,5609.0,5475.0,87627,5609.0,5440.0
2386,7,2024-11-12,5480.0,5446.0,42334,5497.0,5421.0
2387,7,2024-11-13,5477.0,5317.0,71197,5519.0,5309.0
2388,7,2024-11-14,5344.0,5438.0,76646,5481.0,5340.0
2389,7,2024-11-15,5438.0,5433.0,68045,5472.0,5347.0
2390,7,2024-11-18,5362.0,5542.0,77773,5577.0,5331.0
2391,7,2024-11-19,5577.0,5334.0,87943,5632.0,5333.0
2392,7,2024-11-20,5361.0,5378.0,89877,5453.0,5267.0
2393,7,2024-11-21,5378.0,5497.0,129912,5505.0,5291.0
2394,7,2024-11-22,5520.0,5383.0,59170,5520.0,5310.0
2395,7,2024-11-25,5408.0,5356.0,82225,5408.0,5280.0
2396,7,2024-11-26,5350.0,5235.0,132356,5450.0,5180.0
2397,7,2024-11-27,5234.0,5425.0,119253,5425.0,5101.0
2398,7,2024-11-28,5449.0,5541.0,125956,5580.0,5366.0
2399,7,2024-11-29,5560.0,5584.0,66831,5601.0,5480.0
2400,7,2024-12-02,5599.0,5846.0,153466,5848.0,5584.0
2401,7,2024-12-03,5850.0,5769.0,115209,5850.0,5708.0
2402,7,2024-12-04,5769.0,5541.0,135648,5840.0,5518.0
2403,7,2024-12-05,5544.0,5689.0,95792,5758.0,5431.0
2404,7,2024-12-06,5700.0,5619.0,83845,5802.0,5560.0
2405,7,2024-12-09,5630.0,5602.0,79489,5761.0,5544.0
2406,7,2024-12-10,5603.0,5435.0,83895,5616.0,5430.0
2407,7,2024-12-11,5423.0,5529.0,83454,5564.0,5408.0
2408,7,2024-12-12,5530.0,5477.0,173698,5616.0,5451.0
2409,7,2024-12-13,5477.0,5635.0,123266,5678.0,5473.0
2410,7,2024-12-16,5635.0,5571.0,74970,5677.0,5543.0
2411,7,2024-12-17,5570.0,5661.0,115588,5714.0,5560.0
2412,7,2024-12-18,5666.0,5751.0,112358,5811.0,5661.0
2413,7,2024-12-19,5780.0,5847.0,225735,5944.0,5656.0
2414,7,2024-12-20,5753.0,5814.0,284971,6032.0,5661.0
2415,7,2024-12-23,5841.0,6297.0,309028,6300.0,5759.0
2416,7,2024-12-24,6297.0,6391.0,264744,6500.0,6201.0
2417,7,2024-12-25,6355.0,6368.0,182562,6435.0,6188.0
2418,7,2024-12-26,6365.0,6260.0,84519,6398.0,6236.0
2419,7,2024-12-27,6265.0,6415.0,93437,6419.0,6212.0
2420,7,2024-12-28,6407.0,6350.0,83597,6539.0,6335.0
2421,7,2024-12-30,6381.0,6386.0,74844,6487.0,6342.0
2422,7,2025-01-03,6400.0,6305.0,33492,6416.0,6262.0
2423,7,2025-01-06,6304.0,6307.0,23415,6349.0,6265.0
2424,7,2025-01-08,6320.0,6333.0,18567,6355.0,6307.0
2425,7,2025-01-09,6333.0,6497.0,143054,6535.0,6272.0
2426,7,2025-01-10,6505.0,6580.0,142967,6618.0,6502.0
2427,7,2025-01-13,6588.0,6503.0,156320,6667.0,6476.0
2428,7,2025-01-14,6508.0,6656.0,139342,6666.0,6400.0
2429,7,2025-01-15,6687.0,6698.0,90809,6723.0,6632.0
2430,7,2025-01-16,6700.0,6715.0,92458,6780.0,6662.0
2431,7,2025-01-17,6713.0,6751.0,63566,6787.0,6671.0
2432,7,2025-01-20,6771.0,6684.0,84347,6790.0,6681.0
2433,7,2025-01-21,6715.0,6736.0,68522,6760.0,6616.0
2434,7,2025-01-22,6735.0,6891.0,158910,6947.0,6725.0
2435,7,2025-01-23,6880.0,7029.0,160434,7030.0,6836.0
2436,7,2025-01-24,7015.0,7100.0,134478,7159.0,7015.0
2437,7,2025-01-27,7090.0,6922.0,85604,7124.0,6893.0
2438,7,2025-01-28,6910.0,6927.0,145033,7112.0,6861.0
2439,7,2025-01-29,6927.0,7077.0,126827,7095.0,6900.0
2440,7,2025-01-30,7077.0,7090.0,55241,7124.0,7040.0
2441,7,2025-01-31,7091.0,7038.0,66673,7145.0,6996.0
2442,7,2025-02-03,7038.0,7019.0,42556,7068.0,6992.0
2443,7,2025-02-04,7019.0,7199.0,256296,7295.0,7019.0
2444,7,2025-02-05,7229.0,7212.0,165777,7293.0,7113.0
2445,7,2025-02-06,7212.0,7168.0,123406,7234.0,7137.0
2446,7,2025-02-07,7180.0,7163.0,81981,7191.0,7116.0
2447,7,2025-02-10,7168.0,7155.0,103569,7219.0,7121.0
2448,7,2025-02-11,7155.0,7119.0,168748,7191.0,7024.0
2449,7,2025-02-12,7115.0,6971.0,597407,7133.0,6741.0
2450,7,2025-02-13,6986.0,6868.0,555370,7240.0,6668.0
2451,7,2025-02-14,7200.0,6842.0,359304,7200.0,6362.0
2452,7,2025-02-17,6842.0,7054.0,201909,7055.0,6817.0
2453,7,2025-02-18,7055.0,6990.0,162942,7068.0,6921.0
2454,7,2025-02-19,6987.0,6945.0,140735,7018.0,6845.0
2455,7,2025-02-20,6950.0,6893.0,89309,6970.0,6855.0
2456,7,2025-02-21,6872.0,6929.0,87056,6986.0,6855.0
2457,7,2025-02-24,6941.0,6946.0,55402,6970.0,6899.0
2458,7,2025-02-25,6969.0,6872.0,121044,7000.0,6822.0
2459,7,2025-02-26,6880.0,6852.0,94482,6925.0,6827.0
2460,7,2025-02-27,6852.0,6765.0,57936,6884.0,6751.0
2461,7,2025-02-28,6750.0,6775.0,80717,6818.0,6652.0
2462,7,2025-03-03,6802.0,6710.0,69461,6885.0,6620.0
2463,7,2025-03-04,6713.0,6744.0,63689,6820.0,6701.0
2464,7,2025-03-05,6777.0,6798.0,111900,6909.0,6718.0
2465,7,2025-03-06,6823.0,6700.0,82684,6906.0,6683.0
2466,7,2025-03-07,6701.0,6700.0,75903,6768.0,6510.0
2467,7,2025-03-10,6716.0,6700.0,40117,6799.0,6700.0
2468,7,2025-03-11,6707.0,6703.0,27986,6723.0,6675.0
2469,7,2025-03-12,6708.0,6606.0,47412,6715.0,6558.0
2470,7,2025-03-13,6615.0,6592.0,80897,6620.0,6511.0
2471,7,2025-03-14,6585.0,6531.0,76913,6594.0,6479.0
2472,7,2025-03-17,6500.0,6664.0,66669,6677.0,6500.0
2473,7,2025-03-18,6663.0,6698.0,73897,6737.0,6659.0
2474,7,2025-03-19,6698.0,6650.0,51582,6723.0,6610.0
2475,7,2025-03-20,6660.0,6577.0,75816,6683.0,6515.0
2476,7,2025-03-21,6580.0,6633.0,57761,6650.0,6570.0
2477,7,2025-03-24,6636.0,6549.0,49932,6686.0,6537.0
2478,7,2025-03-25,6549.0,6947.0,709612,6987.0,6425.0
2479,7,2025-03-26,6990.0,6796.0,485315,7021.0,6690.0
2480,7,2025-03-27,6797.0,6630.0,170722,6814.0,6591.0
2481,7,2025-03-28,6648.0,6501.0,94484,6706.0,6500.0
2482,7,2025-03-31,6531.0,6393.0,174423,6548.0,6300.0
2483,7,2025-04-01,6414.0,6289.0,76035,6480.0,6286.0
2484,7,2025-04-02,6290.0,6345.0,83834,6364.0,6239.0
2485,7,2025-04-03,6362.0,6023.0,177690,6384.0,5942.0
2486,7,2025-04-04,6119.0,5827.0,237206,6144.0,5792.0
2487,7,2025-04-07,5766.0,5996.0,220364,6003.0,5500.0
2488,7,2025-04-08,5996.0,5903.0,151125,6230.0,5866.0
2489,7,2025-04-09,5929.0,6020.0,183159,6046.0,5755.0
2490,7,2025-04-10,6033.0,6097.0,81843,6150.0,5977.0
2491,7,2025-04-11,6099.0,6198.0,67687,6260.0,6099.0
2492,7,2025-04-14,6209.0,6089.0,183699,6420.0,5992.0
2493,7,2025-04-15,6082.0,6125.0,40687,6129.0,6046.0
2494,7,2025-04-16,6125.0,6170.0,73608,6195.0,6024.0
2495,7,2025-04-17,6174.0,6262.0,52552,6262.0,6167.0
2496,7,2025-04-18,6233.0,6165.0,43779,6260.0,6086.0
2497,7,2025-04-21,6176.0,6218.0,31566,6248.0,6166.0
2498,7,2025-04-22,6227.0,6253.0,52832,6286.0,6174.0
2499,7,2025-04-23,6260.0,6318.0,88843,6339.0,6161.0
2500,7,2025-04-24,6318.0,6348.0,44012,6415.0,6310.0
2501,7,2025-04-25,6326.0,6354.0,74263,6408.0,6294.0
2502,7,2025-04-28,6356.0,6296.0,60519,6390.0,6272.0
2503,7,2025-04-29,6296.0,6203.0,65892,6351.0,6197.0
2504,7,2025-04-30,6206.0,6150.0,89380,6220.0,6003.0
2505,7,2025-05-02,6145.0,5988.0,31072,6145.0,5974.0
2506,7,2025-05-05,6012.0,5914.0,47592,6108.0,5900.0
2507,7,2025-05-06,5934.0,5963.0,59765,6034.0,5885.0
2508,7,2025-05-07,5988.0,6263.0,102445,6277.0,5970.0
2509,7,2025-05-08,6284.0,6205.0,43288,6284.0,6186.0
2510,7,2025-05-12,6213.0,6307.0,50188,6370.0,6174.0
2511,7,2025-05-13,6307.0,6419.0,59649,6436.0,6255.0
2512,7,2025-05-14,6426.0,6289.0,127185,6468.0,6283.0
2513,7,2025-05-15,6289.0,6344.0,115934,6365.0,6201.0
2514,7,2025-05-16,6344.0,6617.0,306286,6643.0,6339.0
2515,7,2025-05-19,6646.0,6571.0,167881,6730.0,6551.0
2516,7,2025-05-20,6571.0,6530.0,47789,6605.0,6492.0
2517,7,2025-05-21,6538.0,6572.0,59983,6619.0,6502.0
2518,7,2025-05-22,6585.0,6401.0,132565,6598.0,6320.0
2519,7,2025-05-23,6401.0,6447.0,39667,6491.0,6358.0
2520,7,2025-05-26,6440.0,6313.0,41817,6440.0,6300.0
2521,7,2025-05-27,6313.0,6358.0,47291,6367.0,6208.0
2522,7,2025-05-28,6358.0,6405.0,85329,6440.0,6291.0
2523,7,2025-05-29,6405.0,6293.0,85607,6437.0,6272.0
2524,7,2025-05-30,6310.0,6373.0,39712,6410.0,6280.0
2525,8,2024-01-03,271.9,274.56,20586020,274.7,271.0
2526,8,2024-01-04,274.67,274.12,11729380,275.48,273.7
2527,8,2024-01-05,274.3,273.62,9635550,274.69,272.8
2528,8,2024-01-08,273.6,276.76,21489440,277.0,273.53
2529,8,2024-01-09,276.97,275.28,20316030,278.0,274.71
2530,8,2024-01-10,275.3,274.49,20660410,276.16,273.64
2531,8,2024-01-11,274.78,275.71,19526030,275.97,274.01
2532,8,2024-01-12,276.0,275.84,17702040,276.96,274.77
2533,8,2024-01-15,276.45,275.96,21397690,277.73,275.21
2534,8,2024-01-16,276.22,276.01,16110240,276.45,274.1
2535,8,2024-01-17,276.02,278.0,34256680,279.17,275.75
2536,8,2024-01-18,278.24,277.07,17701680,278.87,276.76
2537,8,2024-01-19,277.39,274.86,28052580,277.47,273.55
2538,8,2024-01-22,274.86,274.93,15086860,275.9,273.85
2539,8,2024-01-23,274.7,275.9,20092540,277.26,274.31
2540,8,2024-01-24,275.9,273.77,20203730,276.44,273.7
2541,8,2024-01-25,274.0,272.81,24436130,274.18,271.55
2542,8,2024-01-26,273.1,272.65,11131250,273.72,272.21
2543,8,2024-01-29,273.02,274.05,17095190,274.95,272.7
2544,8,2024-01-30,274.01,275.67,27236150,277.25,273.97
2545,8,2024-01-31,275.84,276.0,12543740,276.45,275.0
2546,8,2024-02-01,276.03,276.86,15976730,277.75,275.93
2547,8,2024-02-02,277.0,276.74,12718190,277.3,276.0
2548,8,2024-02-05,277.0,277.84,16056990,278.57,276.9
2549,8,2024-02-06,278.0,278.67,15960270,278.99,277.3
2550,8,2024-02-07,278.82,284.41,45372390,284.5,278.81
2551,8,2024-02-08,284.52,282.17,44132450,286.24,281.25
2552,8,2024-02-09,282.17,283.5,24378920,284.0,281.5
2553,8,2024-02-12,283.66,287.28,33890070,287.84,283.5
2554,8,2024-02-13,287.52,287.07,33307500,289.0,285.4
2555,8,2024-02-14,287.07,289.06,35874260,290.6,286.84
2556,8,2024-02-15,289.3,290.24,25912290,290.45,287.63
2557,8,2024-02-16,290.47,288.33,53446950,292.3,286.25
2558,8,2024-02-19,288.51,288.93,24327480,289.98,287.07
2559,8,2024-02-20,289.2,283.9,44972610,289.28,283.29
2560,8,2024-02-21,283.9,282.0,48915360,285.28,280.2
2561,8,2024-02-22,282.1,284.77,25175120,285.05,282.1
2562,8,2024-02-26,288.52,291.25,42969530,291.3,287.0
2563,8,2024-02-27,291.35,292.52,32504830,293.0,290.55
2564,8,2024-02-28,292.6,291.75,49330680,293.95,289.75
2565,8,2024-02-29,292.31,292.19,22436940,293.2,291.3
2566,8,2024-03-01,292.2,295.38,27129280,295.88,292.2
2567,8,2024-03-04,295.87,299.17,40609910,299.5,295.8
2568,8,2024-03-05,299.33,298.4,41756340,300.41,297.57
2569,8,2024-03-06,298.2,297.71,17756170,299.33,296.82
2570,8,2024-03-07,297.72,300.4,21982790,300.58,297.24
2571,8,2024-03-11,301.0,299.79,41781940,302.95,298.5
2572,8,2024-03-12,299.6,300.9,28743980,301.07,297.34
2573,8,2024-03-13,301.2,298.85,24012100,301.49,298.7
2574,8,2024-03-14,298.5,295.83,42205930,298.7,295.14
2575,8,2024-03-15,295.71,298.3,26040280,299.44,295.29
2576,8,2024-03-18,299.4,298.87,20281860,299.98,297.63
2577,8,2024-03-19,298.3,295.2,59714940,299.4,294.21
2578,8,2024-03-20,295.3,295.4,30703230,296.88,293.52
2579,8,2024-03-21,295.99,295.62,70680800,297.3,291.8
2580,8,2024-03-22,295.77,292.99,48982100,296.79,291.05
2581,8,2024-03-25,294.0,293.9,25567820,294.93,292.13
2582,8,2024-03-26,294.5,294.11,16295560,295.82,293.04
2583,8,2024-03-27,294.47,295.1,14560090,295.11,293.47
2584,8,2024-03-28,295.5,299.0,33675160,299.3,295.5
2585,8,2024-03-29,299.38,298.72,17705950,299.5,298.0
2586,8,2024-04-01,300.0,300.43,28662870,301.65,299.5
2587,8,2024-04-02,300.43,300.38,19980460,300.99,298.95
2588,8,2024-04-03,300.4,306.72,58228980,307.13,300.17
2589,8,2024-04-04,306.8,304.61,29074900,307.77,304.36
2590,8,2024-04-05,304.62,306.1,19355990,306.5,303.7
2591,8,2024-04-08,306.5,307.75,24899610,308.6,306.22
2592,8,2024-04-09,308.1,306.76,32044440,309.35,305.51
2593,8,2024-04-10,306.76,306.48,20682180,307.14,304.62
2594,8,2024-04-11,306.7,306.95,20527000,308.0,305.7
2595,8,2024-04-12,307.4,307.1,16025300,307.87,306.3
2596,8,2024-04-15,307.47,307.99,20746510,308.39,306.64
2597,8,2024-04-16,308.0,308.29,17135850,308.65,307.0
2598,8,2024-04-17,308.65,306.59,28227330,309.74,305.91
2599,8,2024-04-18,306.01,307.99,20387560,308.29,305.05
2600,8,2024-04-19,308.0,307.38,14578320,308.38,306.8
2601,8,2024-04-22,308.0,314.99,69006740,315.0,307.38
2602,8,2024-04-23,315.39,307.39,92863630,315.79,306.26
2603,8,2024-04-24,307.5,307.94,26557490,309.79,306.65
2604,8,2024-04-25,307.95,308.41,15946760,309.07,307.45
2605,8,2024-04-26,308.5,309.0,21146360,309.9,308.0
2606,8,2024-04-27,309.25,308.98,13111060,309.99,308.7
2607,8,2024-04-29,309.14,308.97,10025690,309.6,307.65
2608,8,2024-04-30,309.19,308.24,5980690,309.49,308.03
2609,8,2024-05-02,308.7,307.37,16262520,309.19,306.8
2610,8,2024-05-03,307.11,307.53,30466990,308.29,304.34
2611,8,2024-05-06,308.1,306.01,19203550,308.1,305.55
2612,8,2024-05-07,306.23,308.22,16616810,308.87,306.21
2613,8,2024-05-08,308.41,311.21,33881400,311.83,308.08
2614,8,2024-05-10,311.5,313.49,16715650,313.5,311.31
2615,8,2024-05-13,314.1,314.85,21712460,315.7,314.04
2616,8,2024-05-14,315.0,318.12,35247320,318.41,313.58
2617,8,2024-05-15,318.2,319.7,28351820,320.16,317.7
2618,8,2024-05-16,320.0,322.91,27847220,322.91,320.0
2619,8,2024-05-17,322.96,323.16,24398590,323.5,320.02
2620,8,2024-05-20,324.0,321.08,36736790,324.85,318.94
2621,8,2024-05-21,320.88,320.64,34019460,322.23,318.0
2622,8,2024-05-22,320.8,322.93,18651840,323.1,320.8
2623,8,2024-05-23,322.8,323.54,17865490,324.0,321.23
2624,8,2024-05-24,323.83,321.0,26594700,324.48,319.78
2625,8,2024-05-27,321.01,317.09,45712960,321.95,315.5
2626,8,2024-05-28,317.5,318.22,30187790,320.9,315.82
2627,8,2024-05-29,318.25,320.38,22989260,320.4,315.92
2628,8,2024-05-30,320.91,316.63,27005390,321.55,316.0
2629,8,2024-05-31,316.0,313.11,49206450,318.49,309.8
2630,8,2024-06-03,313.5,310.95,61860770,315.5,305.0
2631,8,2024-06-04,310.98,316.49,33070240,316.5,308.8
2632,8,2024-06-05,316.63,314.72,27792110,318.28,313.85
2633,8,2024-06-06,314.7,313.08,28328920,316.45,311.15
2634,8,2024-06-07,313.8,319.9,44484260,320.64,312.73
2635,8,2024-06-10,320.8,317.28,26344630,321.98,315.21
2636,8,2024-06-11,317.5,317.8,20064950,319.84,315.88
2637,8,2024-06-13,305.7,317.71,41281520,317.82,304.14
2638,8,2024-06-14,317.8,319.35,21488970,320.7,316.2
2639,8,2024-06-17,320.0,317.65,15476190,320.45,316.85
2640,8,2024-06-18,317.65,314.34,22024090,318.0,313.02
2641,8,2024-06-19,314.38,310.7,42183660,314.78,307.51
2642,8,2024-06-20,310.7,314.15,72789950,314.72,306.02
2643,8,2024-06-21,315.0,314.14,29116600,316.0,312.6
2644,8,2024-06-24,314.7,317.25,29607080,319.0,314.14
2645,8,2024-06-25,317.5,319.8,25978180,319.89,316.28
2646,8,2024-06-26,320.1,324.55,42491110,324.56,319.8
2647,8,2024-06-27,324.8,327.16,46771370,327.83,322.63
2648,8,2024-06-28,327.87,327.15,40451800,329.3,325.8
2649,8,2024-07-01,327.64,327.1,31710510,329.0,326.25
2650,8,2024-07-02,327.35,328.37,21155650,328.87,326.82
2651,8,2024-07-03,328.58,328.2,32156700,330.45,327.0
2652,8,2024-07-04,328.39,324.66,40766110,329.57,323.81
2653,8,2024-07-05,324.71,325.0,40433010,327.0,321.01
2654,8,2024-07-08,325.76,324.07,27756900,327.44,323.74
2655,8,2024-07-09,324.3,319.99,54199810,325.33,317.5
2656,8,2024-07-10,319.0,316.68,88512550,320.3,314.3
2657,8,2024-07-11,289.96,295.87,168030600,296.98,285.22
2658,8,2024-07-12,296.0,292.21,49999170,297.48,290.97
2659,8,2024-07-15,293.0,284.38,58737560,293.86,283.5
2660,8,2024-07-16,284.49,285.25,82870860,285.69,276.7
2661,8,2024-07-17,285.84,284.68,42824670,289.96,283.23
2662,8,2024-07-18,284.68,289.83,34090360,289.99,282.73
2663,8,2024-07-19,290.67,289.9,31022060,292.58,289.2
2664,8,2024-07-22,291.0,294.71,33386610,294.95,291.0
2665,8,2024-07-23,295.47,294.39,22190840,295.48,293.36
2666,8,2024-07-24,294.39,295.69,24565710,296.67,293.2
2667,8,2024-07-25,295.69,296.37,22868740,297.3,294.2
2668,8,2024-07-26,296.4,293.3,84909830,300.0,292.67
2669,8,2024-07-29,293.0,286.58,52445850,293.0,286.0
2670,8,2024-07-30,286.5,290.0,42572480,291.99,284.32
2671,8,2024-07-31,290.47,289.3,25974520,291.2,288.01
2672,8,2024-08-01,289.87,287.21,18646450,290.69,287.04
2673,8,2024-08-02,287.21,286.04,30086580,287.99,284.37
2674,8,2024-08-05,282.79,275.49,82141460,283.46,275.17
2675,8,2024-08-06,277.01,279.4,43600150,281.16,276.35
2676,8,2024-08-07,280.0,282.2,48494490,283.27,277.21
2677,8,2024-08-08,283.4,281.09,42425830,285.42,280.0
2678,8,2024-08-09,281.0,281.44,22302730,282.67,279.62
2679,8,2024-08-12,280.01,280.74,27767330,281.5,278.03
2680,8,2024-08-13,281.05,283.92,24058790,284.33,280.42
2681,8,2024-08-14,284.3,280.32,21757040,284.7,280.12
2682,8,2024-08-15,280.5,278.01,28665290,280.85,276.73
2683,8,2024-08-16,278.05,274.6,26195850,279.0,274.32
2684,8,2024-08-19,275.0,268.17,68626200,275.56,265.02
2685,8,2024-08-20,268.35,266.2,54276130,269.49,263.36
2686,8,2024-08-21,266.2,266.93,37127480,267.8,263.86
2687,8,2024-08-22,266.93,261.6,47907530,268.5,260.15
2688,8,2024-08-23,261.61,259.5,76719180,262.8,255.56
2689,8,2024-08-26,263.55,265.39,49974250,266.95,261.54
2690,8,2024-08-27,265.83,260.5,32345170,266.07,259.82
2691,8,2024-08-28,259.9,262.47,47867970,262.47,254.99
2692,8,2024-08-29,262.58,260.31,34802250,264.19,258.36
2693,8,2024-08-30,260.5,254.45,46118490,261.8,254.0
2694,8,2024-09-02,254.03,244.31,97662430,254.2,242.65
2695,8,2024-09-03,244.4,244.04,105673360,250.0,240.01
2696,8,2024-09-04,244.51,253.01,70652080,253.5,242.8
2697,8,2024-09-05,255.0,252.82,78616830,258.17,251.11
2698,8,2024-09-06,253.01,254.77,41336330,255.35,250.31
2699,8,2024-09-09,256.32,263.31,66128940,263.45,255.3
2700,8,2024-09-10,264.61,261.29,57937830,264.61,258.7
2701,8,2024-09-11,260.31,258.2,38293710,262.0,257.5
2702,8,2024-09-12,257.8,254.93,46358080,258.68,252.85
2703,8,2024-09-13,255.19,258.25,111180360,259.92,248.75
2704,8,2024-09-16,259.64,263.79,52643180,264.37,257.8
2705,8,2024-09-17,264.12,265.99,57565620,267.0,260.55
2706,8,2024-09-18,265.73,263.4,43376640,267.99,263.15
2707,8,2024-09-19,263.94,264.5,35683170,266.19,262.32
2708,8,2024-09-20,264.52,269.08,38767000,269.21,264.5
2709,8,2024-09-23,269.3,273.17,49396850,273.8,269.3
2710,8,2024-09-24,273.9,272.92,36984140,273.94,270.5
2711,8,2024-09-25,272.92,267.8,43803870,273.8,267.3
2712,8,2024-09-26,267.54,267.88,31888540,269.76,265.41
2713,8,2024-09-27,268.9,268.07,18889430,269.7,267.17
2714,8,2024-09-30,269.26,268.49,42519740,272.33,268.14
2715,8,2024-10-01,267.6,266.29,52125800,268.68,264.0
2716,8,2024-10-02,266.01,259.31,46519200,268.0,258.52
2717,8,2024-10-03,259.31,264.25,56534560,264.49,257.2
2718,8,2024-10-04,264.96,264.09,25992290,265.44,262.11
2719,8,2024-10-07,264.25,263.39,28940600,267.0,261.37
2720,8,2024-10-08,263.0,262.4,16163780,263.8,261.89
2721,8,2024-10-09,262.42,260.86,25021350,263.8,259.59
2722,8,2024-10-10,260.88,259.98,17677230,261.64,258.91
2723,8,2024-10-11,259.8,256.94,24848580,260.07,256.8
2724,8,2024-10-14,256.15,261.28,64205680,263.91,254.1
2725,8,2024-10-15,260.94,262.03,26247370,263.7,259.84
2726,8,2024-10-16,262.05,259.5,40206260,264.72,258.45
2727,8,2024-10-17,259.5,256.57,24658790,260.45,256.03
2728,8,2024-10-18,256.21,257.19,30020250,258.9,254.41
2729,8,2024-10-21,257.3,258.21,21471680,259.85,256.78
2730,8,2024-10-22,258.1,255.42,17064680,258.8,255.25
2731,8,2024-10-23,255.1,252.01,30420950,255.9,251.34
2732,8,2024-10-24,252.01,252.64,28764370,254.27,250.25
2733,8,2024-10-25,252.72,246.35,80587930,255.35,245.7
2734,8,2024-10-28,245.02,242.56,71940990,249.0,241.61
2735,8,2024-10-29,243.2,242.66,47134580,244.6,239.88
2736,8,2024-10-30,242.7,241.45,39826840,246.22,241.11
2737,8,2024-10-31,241.4,237.9,57274130,242.8,236.23
2738,8,2024-11-01,237.9,238.03,48370770,239.1,234.57
2739,8,2024-11-02,237.9,238.97,14895450,240.0,237.71
2740,8,2024-11-05,239.6,239.23,28172270,241.2,238.07
2741,8,2024-11-06,247.0,243.6,78965200,248.56,242.05
2742,8,2024-11-07,243.26,250.93,44425190,251.0,242.16
2743,8,2024-11-08,251.5,255.98,58086370,255.99,250.5
2744,8,2024-11-11,257.99,260.73,67847940,261.3,256.49
2745,8,2024-11-12,259.99,255.77,40926850,260.7,255.27
2746,8,2024-11-13,255.29,254.7,44540020,258.96,254.05
2747,8,2024-11-14,254.26,249.52,49011750,255.92,248.6
2748,8,2024-11-15,249.31,253.43,44201700,254.43,248.05
2749,8,2024-11-18,249.0,248.72,51559910,251.94,247.3
2750,8,2024-11-19,249.03,240.59,75474680,249.83,239.62
2751,8,2024-11-20,241.82,237.05,70349830,243.59,234.74
2752,8,2024-11-21,237.15,240.47,75143570,240.94,234.0
2753,8,2024-11-22,240.5,236.0,45621420,241.0,234.78
2754,8,2024-11-25,236.0,227.81,76469770,237.1,227.25
2755,8,2024-11-26,227.8,223.16,96795030,231.9,221.2
2756,8,2024-11-27,223.9,226.3,112457620,226.47,219.2
2757,8,2024-11-28,227.0,228.56,67840700,229.5,222.48
2758,8,2024-11-29,228.48,236.49,70303900,236.99,227.55
2759,8,2024-12-02,237.02,235.17,45142250,238.7,234.32
2760,8,2024-12-03,235.29,230.8,45322870,235.97,230.26
2761,8,2024-12-04,231.0,224.55,72417390,233.79,224.3
2762,8,2024-12-05,224.57,233.48,86989140,233.75,222.82
2763,8,2024-12-06,233.63,237.84,81096070,238.25,231.52
2764,8,2024-12-09,239.29,237.29,52493640,240.51,236.75
2765,8,2024-12-10,238.0,230.82,58740230,238.01,230.65
2766,8,2024-12-11,230.5,234.19,64914300,234.39,229.22
2767,8,2024-12-12,234.0,229.02,59171170,235.95,228.52
2768,8,2024-12-13,228.9,228.7,46124660,231.33,227.85
2769,8,2024-12-16,228.62,225.53,54593280,229.05,224.38
2770,8,2024-12-17,225.6,226.5,45885470,227.49,223.72
2771,8,2024-12-18,226.72,230.15,58056480,230.8,224.33
2772,8,2024-12-19,230.16,229.0,124061370,234.99,227.71
2773,8,2024-12-20,229.1,257.6,235186220,258.98,228.03
2774,8,2024-12-23,260.0,264.9,163165650,270.0,256.51
2775,8,2024-12-24,264.94,264.34,83808660,266.79,261.02
2776,8,2024-12-25,263.62,271.69,125539910,273.0,260.31
2777,8,2024-12-26,272.0,269.56,75735270,274.25,269.1
2778,8,2024-12-27,269.61,271.2,52144690,272.16,268.57
2779,8,2024-12-28,271.35,272.83,39585910,273.99,270.4
2780,8,2024-12-30,274.0,279.43,52633750,279.49,273.7
2781,8,2025-01-03,280.0,272.25,43086870,280.41,271.8
2782,8,2025-01-06,270.88,274.37,28454750,274.41,270.07
2783,8,2025-01-08,273.07,277.0,26634660,277.87,273.07
2784,8,2025-01-09,276.71,271.8,52952880,278.77,270.73
2785,8,2025-01-10,272.31,278.77,71154220,279.53,270.27
2786,8,2025-01-13,280.62,279.8,66601710,284.75,278.6
2787,8,2025-01-14,279.84,279.85,46037150,282.36,277.41
2788,8,2025-01-15,280.0,282.77,52864450,282.82,276.06
2789,8,2025-01-16,283.7,281.8,49453530,284.0,281.18
2790,8,2025-01-17,282.2,283.53,51876150,284.64,280.19
2791,8,2025-01-20,285.1,278.19,67946640,286.23,277.61
2792,8,2025-01-21,279.39,281.85,40478260,281.85,276.32
2793,8,2025-01-22,282.0,280.36,47106880,284.0,280.2
2794,8,2025-01-23,280.79,280.49,38573410,280.79,277.35
2795,8,2025-01-24,281.0,280.74,32155210,282.75,279.25
2796,8,2025-01-27,280.72,275.23,39035610,280.97,275.01
2797,8,2025-01-28,275.25,278.35,39030820,279.26,274.01
2798,8,2025-01-29,278.0,280.36,39161630,282.18,277.12
2799,8,2025-01-30,280.44,281.97,28020880,282.5,280.36
2800,8,2025-01-31,281.97,280.73,40333120,284.11,280.27
2801,8,2025-02-03,280.21,279.55,30373760,280.35,278.0
2802,8,2025-02-04,279.55,277.4,23986670,281.41,275.7
2803,8,2025-02-05,277.3,282.88,43070410,283.89,275.34
2804,8,2025-02-06,283.89,287.15,69363150,288.92,282.09
2805,8,2025-02-07,287.66,285.81,27626070,288.9,285.08
2806,8,2025-02-10,287.61,289.94,73052590,294.55,287.61
2807,8,2025-02-11,290.35,294.06,56009830,294.1,289.3
2808,8,2025-02-12,294.3,314.0,185816680,314.4,291.3
2809,8,2025-02-13,315.61,310.1,116925810,318.72,307.2
2810,8,2025-02-14,315.59,309.87,126690930,317.84,303.06
2811,8,2025-02-17,314.0,319.5,84827010,319.55,312.31
2812,8,2025-02-18,319.99,312.95,85001770,320.92,310.21
2813,8,2025-02-19,313.53,315.91,50484340,317.25,311.01
2814,8,2025-02-20,315.91,315.05,33164900,317.96,314.02
2815,8,2025-02-21,315.48,314.74,32725520,316.69,312.0
2816,8,2025-02-24,314.92,316.03,35730390,316.4,313.0
2817,8,2025-02-25,316.03,316.97,38826960,318.59,315.62
2818,8,2025-02-26,316.97,310.22,73827020,317.45,308.31
2819,8,2025-02-27,310.22,307.1,60936490,312.45,305.43
2820,8,2025-02-28,306.01,309.63,65681370,310.4,304.05
2821,8,2025-03-03,309.84,305.5,69490830,310.94,300.2
2822,8,2025-03-04,306.95,316.4,88130960,318.5,306.14
2823,8,2025-03-05,316.4,313.56,57792400,318.3,313.0
2824,8,2025-03-06,313.6,315.18,31963110,317.43,313.57
2825,8,2025-03-07,315.19,316.92,110871260,321.87,310.69
2826,8,2025-03-10,316.98,317.57,39315360,320.63,316.37
2827,8,2025-03-11,317.7,319.69,64935150,321.98,315.57
2828,8,2025-03-12,319.99,318.39,41964450,320.9,315.8
2829,8,2025-03-13,318.39,316.37,78552090,320.5,312.5
2830,8,2025-03-14,316.0,320.51,51762530,321.1,314.12
2831,8,2025-03-17,320.69,326.02,65837470,326.97,319.82
2832,8,2025-03-18,326.2,324.06,72947120,329.77,323.82
2833,8,2025-03-19,324.5,325.3,39800890,326.88,322.3
2834,8,2025-03-20,325.41,324.05,42356790,326.0,321.8
2835,8,2025-03-21,323.8,323.26,28707780,326.08,322.15
2836,8,2025-03-24,323.26,319.47,33041960,323.94,318.51
2837,8,2025-03-25,320.0,319.8,48328480,322.2,314.65
2838,8,2025-03-26,319.9,315.23,20580040,320.88,315.01
2839,8,2025-03-27,315.51,311.96,36146350,317.16,311.95
2840,8,2025-03-28,311.96,308.04,51876870,313.65,305.65
2841,8,2025-03-31,307.8,309.72,63464450,310.88,298.8
2842,8,2025-04-01,310.5,303.24,46088340,312.9,302.7
2843,8,2025-04-02,303.23,306.11,40207020,306.5,301.21
2844,8,2025-04-03,306.21,302.09,52408560,309.2,296.0
2845,8,2025-04-04,303.55,285.35,88719200,304.37,284.4
2846,8,2025-04-07,285.25,287.56,148100880,294.0,275.76
2847,8,2025-04-08,290.0,282.03,65532930,294.66,281.5
2848,8,2025-04-09,280.91,293.4,109378190,294.48,276.33
2849,8,2025-04-10,294.09,292.46,62862840,296.75,288.27
2850,8,2025-04-11,293.0,299.81,50418210,300.48,292.8
2851,8,2025-04-14,300.18,296.5,43463400,302.4,295.13
2852,8,2025-04-15,296.51,297.99,24258710,300.45,295.6
2853,8,2025-04-16,298.0,300.8,30103500,303.3,296.06
2854,8,2025-04-17,300.89,304.8,37579800,305.07,300.41
2855,8,2025-04-18,302.7,300.01,46147920,303.85,296.25
2856,8,2025-04-21,302.67,308.12,51260130,308.7,301.76
2857,8,2025-04-22,308.5,312.25,64482010,315.0,306.55
2858,8,2025-04-23,313.0,310.0,58851190,314.98,305.55
2859,8,2025-04-24,310.77,310.16,24120000,312.8,309.09
2860,8,2025-04-25,310.85,316.69,51763570,317.87,310.71
2861,8,2025-04-28,318.42,314.23,64064870,320.26,313.52
2862,8,2025-04-29,314.99,309.41,30249990,315.45,308.1
2863,8,2025-04-30,309.28,307.8,41266290,309.95,303.12
2864,8,2025-05-02,307.8,299.96,19751770,307.8,299.7
2865,8,2025-05-05,299.9,294.64,51318290,302.78,291.66
2866,8,2025-05-06,294.65,302.02,49327640,304.75,292.05
2867,8,2025-05-07,302.5,302.79,29667370,304.24,300.56
2868,8,2025-05-08,302.9,302.15,20811410,306.0,300.61
2869,8,2025-05-12,303.53,310.81,44959170,311.49,301.7
2870,8,2025-05-13,310.8,311.24,24762720,312.5,309.61
2871,8,2025-05-14,311.5,304.21,27152010,313.71,304.04
2872,8,2025-05-15,304.2,304.72,47487250,307.77,300.49
2873,8,2025-05-16,304.7,306.34,63956680,308.88,296.56
2874,8,2025-05-19,306.34,308.33,54696990,313.0,306.01
2875,8,2025-05-20,308.88,306.16,19810690,309.55,304.7
2876,8,2025-05-21,306.17,303.98,20456330,307.56,302.89
2877,8,2025-05-22,304.5,302.66,35013910,305.6,299.17
2878,8,2025-05-23,302.66,302.22,17175890,305.0,301.33
2879,8,2025-05-26,302.22,297.77,34631470,302.49,295.5
2880,8,2025-05-27,297.73,298.7,25760040,299.9,293.08
2881,8,2025-05-28,299.0,308.47,48001460,308.82,299.0
2882,8,2025-05-29,308.61,306.65,24049740,309.95,305.66
2883,8,2025-05-30,306.27,309.3,21916240,310.29,305.01
